Country Name,Country Code,Indicator Name,Indicator Code,1960,1961,1962,1963,1964,1965,1966,1967,1968,1969,1970,1971,1972,1973,1974,1975,1976,1977,1978,1979,1980,1981,1982,1983,1984,1985,1986,1987,1988,1989,1990,1991,1992,1993,1994,1995,1996,1997,1998,1999,2000,2001,2002,2003,2004,2005,2006,2007,2008,2009,2010,2011,2012,2013,2014,2015,2016,2017,2018,2019,2020,2021
Aruba,AFE,"Literacy rate, adult male (% of males ages 15 and above)",SE.ADT.LITR.MA.ZS,,,,,,,,,,,,,,,,,,,,,,,,,,,,,,,,,,,,,,,,,97.53739929,,,,,,,,,,96.94052887,,,,,,,,97.80013275,,97.97000122,
Africa Eastern and Southern,,"Literacy rate, adult male (% of males ages 15 and above)",SE.ADT.LITR.MA.ZS,,,,,,,,,,,,,,,,,,,,,,,,,,,,66.02012634,66.11985779,66.62113953,67.02059174,66.96366119,67.33171844,67.66851044,68.22743225,68.46929932,68.84858704,69.25287628,69.25528717,70.01715088,69.96726227,70.47615814,71.871521,72.31529236,73.68811035,71.63407135,69.79463196,70.22344208,70.46286011,71.02111053,71.56854248,73.24820709,74.60926819,75.45812225,75.69355011,75.76703644,76.2354126,75.79055023,76.03871155,77.00414276,77.1398468,
Afghanistan,AFG,"Literacy rate, adult male (% of males ages 15 and above)",SE.ADT.LITR.MA.ZS,,,,,,,,,,,,,,,,,,,,30.3077507,,,,,,,,,,,,,,,,,,,,,,,,,,,,,,,,45.417099,,,,,,,,,,52.06343079
Africa Western and Central,AFW,"Literacy rate, adult male (% of males ages 15 and above)",SE.ADT.LITR.MA.ZS,,,,,,,,,,,,,,,,,,,,,,,,,,52.82765961,53.08496094,53.83052063,54.59514999,55.24065018,55.93819046,56.18843842,57.26771164,57.97768021,58.67575836,58.46749115,59.07472992,59.99403,61.56026077,62.10741043,59.49338913,60.62734985,61.12068939,60.66254044,63.23189163,63.06015015,66.01236725,60.85837936,60.08106995,61.41748047,61.56480026,62.03770828,62.55907059,62.93466949,63.80548096,64.50158691,64.83847046,65.8391037,68.43517303,69.00917816,68.90171814,
Angola,AGO,"Literacy rate, adult male (% of males ages 15 and above)",SE.ADT.LITR.MA.ZS,,,,,,,,,,,,,,,,,,,,,,,,,,,,,,,,,,,,,,,,,,82.91986847,,,,,,,,,,,,,79.97415161,,,,,,,82.63999939
Albania,ALB,"Literacy rate, adult male (% of males ages 15 and above)",SE.ADT.LITR.MA.ZS,,,,,,,,,,,,,,,,,,,,,,,,,,,,,,,,,,,,,,,,,,99.18760681,,,,,,,97.30619812,,,98.00816345,98.35260773,,,,,,98.51361847,,,98.69000244
Andorra,AND,"Literacy rate, adult male (% of males ages 15 and above)",SE.ADT.LITR.MA.ZS,,,,,,,,,,,,,,,,,,,,,,,,,,,,,,,,,,,,,,,,,,,,,,,,,,,,,,,,,,,,,,
Arab World,ARB,"Literacy rate, adult male (% of males ages 15 and above)",SE.ADT.LITR.MA.ZS,,,,,,,,,,,,,,,,,,59.14139175,59.36853027,59.63476181,60.03245163,60.47386932,61.00318909,60.96598816,61.70333099,62.50431824,63.29312897,63.80477142,64.69515991,65.44999695,66.27153778,67.253479,67.9371109,69.06250763,69.58280945,70.44226837,71.42900085,72.11097717,73.05750275,73.7990036,74.24069977,75.41410828,76.23898315,79.17185211,79.698349,78.79831696,76.84198761,77.4317627,77.97934723,76.82333374,77.39943695,78.78672028,82.03215027,81.89295197,82.55587006,80.97103119,81.95620728,82.40859985,79.78202057,79.94171143,80.21916199,
United Arab Emirates,ARE,"Literacy rate, adult male (% of males ages 15 and above)",SE.ADT.LITR.MA.ZS,,,,,,,,,,,,,,,,58.3861084,,,,,,,,,,72.27427673,,,,,,,,,,,,,,,,,,,,89.48210144,,,,,,,,,,,,,,96.23230743,,98.81452942
Argentina,ARG,"Literacy rate, adult male (% of males ages 15 and above)",SE.ADT.LITR.MA.ZS,,,,,,,,,,,,,,,,,,,,,94.26338959,,,,,,,,,,,96.17405701,,,,,,,,,,97.19319916,,,,,98.72718811,,,98.96272278,98.98532104,99.22830963,99.11112976,99.15602875,99.06124878,99.14824677,99.1049881,,98.93773651,,,
Armenia,ARM,"Literacy rate, adult male (% of males ages 15 and above)",SE.ADT.LITR.MA.ZS,,,,,,,,,,,,,,,,,,,,,,,,,,,,,,99.40384674,,,,,,,,,,,,99.67223358,,,,,,,,,,99.80608368,,,,,99.80608368,99.80549622,,,99.84332275,
American Samoa,ASM,"Literacy rate, adult male (% of males ages 15 and above)",SE.ADT.LITR.MA.ZS,,,,,,,,,,,,,,,,,,,,,97.46996307,,,,,,,,,,,,,,,,,,,,,,,,,,,,,,,,,,,,,,,,,
Antigua and Barbuda,ATG,"Literacy rate, adult male (% of males ages 15 and above)",SE.ADT.LITR.MA.ZS,,,,,,,,,,,,,,,,,,,,,,,,,,,,,,,,,,,,,,,,,,98.40000153,,,,,,,,,,98.40000153,,,,98.40000153,,,,,,
Australia,AUS,"Literacy rate, adult male (% of males ages 15 and above)",SE.ADT.LITR.MA.ZS,,,,,,,,,,,,,,,,,,,,,,,,,,,,,,,,,,,,,,,,,,,,,,,,,,,,,,,,,,,,,,
Austria,AUT,"Literacy rate, adult male (% of males ages 15 and above)",SE.ADT.LITR.MA.ZS,,,,,,,,,,,,,,,,,,,,,,,,,,,,,,,,,,,,,,,,,,,,,,,,,,,,,,,,,,,,,,
Azerbaijan,AZE,"Literacy rate, adult male (% of males ages 15 and above)",SE.ADT.LITR.MA.ZS,,,,,,,,,,,,,,,,,,,,,,,,,,,,,,,,,,,,,,,,99.47241974,,,,,,,,99.82096863,,99.84266663,99.85443878,99.85665894,99.85285187,99.86592102,99.86200714,99.86263275,99.86405182,99.86374664,,99.86824036,,
Burundi,BDI,"Literacy rate, adult male (% of males ages 15 and above)",SE.ADT.LITR.MA.ZS,,,,,,,,,,,,,,,,,,,,34.26271057,,,,,,,,,,,48.23625183,,,,,,,,,,67.30693054,,,,,,,,53.12839127,,,,,,69.58728027,,,76.29605103,,,,81.30000305
Belgium,BEL,"Literacy rate, adult male (% of males ages 15 and above)",SE.ADT.LITR.MA.ZS,,,,,,,,,,,,,,,,,,,,,,,,,,,,,,,,,,,,,,,,,,,,,,,,,,,,,,,,,,,,,,
Benin,BEN,"Literacy rate, adult male (% of males ages 15 and above)",SE.ADT.LITR.MA.ZS,,,,,,,,,,,,,,,,,,,,25.19005966,,,,,,,,,,,,,39.90332031,,,,,,,,,,47.86595917,,,,40.61616898,,,,,,44.96025848,,,,,,53.97703171,,,56.93000031
Burkina Faso,BFA,"Literacy rate, adult male (% of males ages 15 and above)",SE.ADT.LITR.MA.ZS,,,,,,,,,,,,,,,,14.52849007,,,,,,,,,,,,,,,,19.62612915,,,,,18.51778984,,,,,,,29.36199951,,31.37454987,29.71435928,36.57479858,,,,,,,44.37945175,,,,49.17272949,,,54.50999832
Bangladesh,BGD,"Literacy rate, adult male (% of males ages 15 and above)",SE.ADT.LITR.MA.ZS,,,,,,,,,,,,,,,,,,,,,,39.7322998,,,,,,,,,,44.31428146,,,,,,,,,,53.89609146,,,,,,49.8323288,,,,62.48305893,61.54286957,64.21376801,64.36508942,68.05535889,75.61885071,75.70236206,76.66925812,77.44149017,77.81671143,
Bulgaria,BGR,"Literacy rate, adult male (% of males ages 15 and above)",SE.ADT.LITR.MA.ZS,,,,,,,,,,,,,,,,,,,,,,,,,,,,,,,,,,,,,,,,,,98.73660278,,,,,,,,,,98.74723053,,,,,,,,,,98.69000244
Bahrain,BHR,"Literacy rate, adult male (% of males ages 15 and above)",SE.ADT.LITR.MA.ZS,,,,,,,,,,,,,,,,,,,,,,76.51837158,,,,,,,,,,88.53736877,,,,,,,,,,88.55410767,,,,,,,,,92.14543915,93.09999847,,,,,,,,,,
"Bahamas, The",BHS,"Literacy rate, adult male (% of males ages 15 and above)",SE.ADT.LITR.MA.ZS,,,,,,,,,,,,,,,,,,,,,,,,,,,,,,,,,,,,,,,,,,,,,,,,,,,,,,,,,,,,,,
Bosnia and Herzegovina,BIH,"Literacy rate, adult male (% of males ages 15 and above)",SE.ADT.LITR.MA.ZS,,,,,,,,,,,,,,,,,,,,,,,,,,,,,,,,96.30541992,,,,,,,,,99.03370667,,,,,,,,,,,99.54132843,,99.17627716,,,,,,,,99.40000153
Belarus,BLR,"Literacy rate, adult male (% of males ages 15 and above)",SE.ADT.LITR.MA.ZS,,,,,,,,,,,,,,,,,,,,,,,,,,,,,,99.38417816,,,,,,,,,,99.79210663,,,,,,,,,,99.76368713,,,,,,,,,,99.87095642,,
Belize,BLZ,"Literacy rate, adult male (% of males ages 15 and above)",SE.ADT.LITR.MA.ZS,,,,,,,,,,,,,,,,,,,,,,,,,,,,,,,,70.26876831,,,,,,,,,76.68373108,80.40000153,,,,,,,,,,,,,,,,,,,,
Bermuda,BMU,"Literacy rate, adult male (% of males ages 15 and above)",SE.ADT.LITR.MA.ZS,,,,,,,,,,,,,,,,,,,,,,,,,,,,,,,,,,,,,,,,,,,,,,,,,,,,,,,,,,,,,,
Bolivia,BOL,"Literacy rate, adult male (% of males ages 15 and above)",SE.ADT.LITR.MA.ZS,,,,,,,,,,,,,,,,,75.84288788,,,,,,,,,,,,,,,,88.15558624,,,,,,,,,93.05747223,,,,,,96.03626251,94.95542908,95.80364227,,96.60105133,97.10704803,,,96.52275085,,,,,97.44428253,
Brazil,BRA,"Literacy rate, adult male (% of males ages 15 and above)",SE.ADT.LITR.MA.ZS,,,,,,,,,,,,,,,,,,,,,76.37735748,,,,,,,,,,,,,,,,,,,,86.22798157,,,,88.40946198,,89.35324097,89.7721405,89.83786774,90.17484283,90.05618286,91.16898346,91.02567291,91.17796326,91.36676788,91.72515869,92.57515717,92.8915329,93.00904083,,,94.09999847
Barbados,BRB,"Literacy rate, adult male (% of males ages 15 and above)",SE.ADT.LITR.MA.ZS,,,,,,,,,,,99.28723145,,,,,,,,,,99.5,,,,99.59999847,,,,,,,,,,99.59999847,,,,,,,,,,99.59999847,,,,,,,,,,99.59999847,,,,,,,
Brunei Darussalam,BRN,"Literacy rate, adult male (% of males ages 15 and above)",SE.ADT.LITR.MA.ZS,,,,,,,,,,,,,,,,,,,,,,85.1368103,,,,,,,,,,92.45218658,,,,,,,,,,95.15042114,,,,,,,,,,97.42816162,,,,,,,98.05361938,,,98.26000214
Bhutan,BTN,"Literacy rate, adult male (% of males ages 15 and above)",SE.ADT.LITR.MA.ZS,,,,,,,,,,,,,,,,,,,,,,,,,,,,,,,,,,,,,,,,,,,,,,65.0477829,,,,,,,66.00305939,,,,,75.01985168,,,,77.87999725
Botswana,BWA,"Literacy rate, adult male (% of males ages 15 and above)",SE.ADT.LITR.MA.ZS,,,,,,,,,,,,,,,,,,,,,,,,,,,,,,,,65.38694,,,,,,,,,,,,80.43010712,,,,,,,,,,86.12213898,,,,,,,,
Central African Republic,CAF,"Literacy rate, adult male (% of males ages 15 and above)",SE.ADT.LITR.MA.ZS,,,,,,,,,,,,,,,,29.5929203,,,,,,,,,,,,,48.02030182,,,,,,,,,,,,66.78952789,,,,,,,,,,50.71271133,,,,,,,,49.51459122,,49.22999954,
Canada,CAN,"Literacy rate, adult male (% of males ages 15 and above)",SE.ADT.LITR.MA.ZS,,,,,,,,,,,,,,,,,,,,,,,,,,,,,,,,,,,,,,,,,,,,,,,,,,,,,,,,,,,,,,
Central Europe and the Baltics,CEB,"Literacy rate, adult male (% of males ages 15 and above)",SE.ADT.LITR.MA.ZS,,,,,,,,,,,,,,,,,,,,,,,98.811203,98.82737732,98.86670685,98.88794708,98.90036011,98.92028809,98.91407776,98.9384613,98.97405243,98.99359894,99.03562164,99.06310272,99.09130096,99.12029266,99.14366913,99.15769958,99.2084198,99.13874054,99.20214081,99.21742249,99.22653961,99.22975159,99.23551178,99.24503326,99.23062134,99.23558044,99.25901794,99.40229797,99.41667175,99.42971039,99.43515015,99.43511963,99.44006348,99.44422913,99.4522934,99.45789337,99.46099091,99.4647522,99.4675293,
Switzerland,CHE,"Literacy rate, adult male (% of males ages 15 and above)",SE.ADT.LITR.MA.ZS,,,,,,,,,,,,,,,,,,,,,,,,,,,,,,,,,,,,,,,,,,,,,,,,,,,,,,,,,,,,,,
Channel Islands,CHI,"Literacy rate, adult male (% of males ages 15 and above)",SE.ADT.LITR.MA.ZS,,,,,,,,,,,,,,,,,,,,,,,,,,,,,,,,,,,,,,,,,,,,,,,,,,,,,,,,,,,,,,
Chile,CHL,"Literacy rate, adult male (% of males ages 15 and above)",SE.ADT.LITR.MA.ZS,,,,,,,,,,,,,,,,,,,,,,,91.48053741,,,,,,,,,,94.5630722,,,,,,,,,,95.79640961,,,,,,97.70249939,97.88935852,,96.89878082,,96.38800812,,97.02468872,,96.48062897,,,,97.11000061
China,CHN,"Literacy rate, adult male (% of males ages 15 and above)",SE.ADT.LITR.MA.ZS,,,,,,,,,,,,,,,,,,,,,,,79.19178009,,,,,,,,87.02497864,,,,,,,,,,95.13524628,,,,,,,,,,97.47946167,,,,,,,,98.46653748,,98.62999725,
Cote d'Ivoire,CIV,"Literacy rate, adult male (% of males ages 15 and above)",SE.ADT.LITR.MA.ZS,,,,,,,,,,,,,,,,,,,,,,,,,,,,,44.36354065,,,,,,,,,,43.94641876,,60.86066055,,,,,,,,,,,,51.59267044,,50.70190048,,,,,93.14134979,,
Cameroon,CMR,"Literacy rate, adult male (% of males ages 15 and above)",SE.ADT.LITR.MA.ZS,,,,,,,,,,,,,,,,,54.62984848,,,,,,,,,,,,,,,,,,,,,,,,79.19451904,,,,,,,78.9499588,,,78.32769012,,,,,,,,82.6280365,,83.40000153,
"Congo, Dem. Rep.",COD,"Literacy rate, adult male (% of males ages 15 and above)",SE.ADT.LITR.MA.ZS,,,,,,,,,,,,,,,,,,,,,,,,,,,,,,,,,,,,,,,,,,80.92324066,,,,,,76.91568756,,,,,87.90838623,,,,88.52468872,,,,,89.47000122
"Congo, Rep.",COG,"Literacy rate, adult male (% of males ages 15 and above)",SE.ADT.LITR.MA.ZS,,,,,,,,,,,,,,,,,,,,,,,,,71.32911682,,,,,,,,,,,,,,,,,,,,,86.04982758,,,,,,86.43431091,,,,,,,86.07650757,,,85.94000244
Colombia,COL,"Literacy rate, adult male (% of males ages 15 and above)",SE.ADT.LITR.MA.ZS,,,,,,,,,,,,,,,,,,,,,,,,,,,,,,,,,,90.97265625,,,91.0891037,,,,,,,,92.9041214,92.77794647,92.39279938,92.42970276,93.31687927,93.06253815,93.25019073,93.48825836,,,93.86740112,94.06317139,94.40228271,,94.85182953,95.01589203,95.38252258,
Comoros,COM,"Literacy rate, adult male (% of males ages 15 and above)",SE.ADT.LITR.MA.ZS,,,,,,,,,,,,,,,,,,,,,55.97703934,,,,,,,,,,,,,,,,,,,,74.51403809,,,,,,,,,,,,56.47980118,,,,,,64.64420319,,,67.01000214
Cabo Verde,CPV,"Literacy rate, adult male (% of males ages 15 and above)",SE.ADT.LITR.MA.ZS,,,,,,,,,,,,,,,,,,,,,,,,,,,,,,,74.75926971,,,,,,,,,,83.83760834,,,,,,,,,,,,90.47450256,,,91.69143677,,,,,,94.16000366
Costa Rica,CRI,"Literacy rate, adult male (% of males ages 15 and above)",SE.ADT.LITR.MA.ZS,,,,,,,,,,,,,,,,,,,,,,,,,92.68213654,,,,,,,,,,,,,,,,94.650177,,,,,,,,,,,97.30632782,,,,,,,97.80235291,,,97.98999786
Caribbean small states,CSS,"Literacy rate, adult male (% of males ages 15 and above)",SE.ADT.LITR.MA.ZS,,,,,,,,,,,,,,,,,,,,,,,,,,,,,,,,,,83.98175812,84.01580048,84.28623962,84.54036713,84.79553223,85.106987,84.8548584,85.7609787,86.12719727,86.41690063,86.6934433,86.96456146,87.30357361,87.50988007,88.02091217,88.29048157,88.49506378,88.58104706,88.63693237,88.61228943,88.78932953,88.81185913,88.90345001,,,,,,
Cuba,CUB,"Literacy rate, adult male (% of males ages 15 and above)",SE.ADT.LITR.MA.ZS,,,,,,,,,,,,,,,,,,,,,,,,,,,,,,,,,,,,,,,,,,,99.80731201,,,,,,,,,,99.70606232,,,,,,,,,99.62846375
Curacao,CUW,"Literacy rate, adult male (% of males ages 15 and above)",SE.ADT.LITR.MA.ZS,,,,,,,,,,,,,,,,,,,,,,,,,,,,,,,,,,,,,,,,,,,,,,,,,,,,,,,,,,,,,,
Cayman Islands,CYM,"Literacy rate, adult male (% of males ages 15 and above)",SE.ADT.LITR.MA.ZS,,,,,,,,,,,,,,,,,,,,,,,,,,,,,,,,,,,,,,,,,,,,,,,,98.72238922,,,,,,,,,,98.72238922,,,,98.72238922
Cyprus,CYP,"Literacy rate, adult male (% of males ages 15 and above)",SE.ADT.LITR.MA.ZS,,,,,,,,,,,,,,,,,,,,,,,,,,,,,,,,,97.83058929,,,,,,,,,98.63104248,,,,,,,,,,99.28614807,,,,,,,,,,99.58000183
Czechia,CZE,"Literacy rate, adult male (% of males ages 15 and above)",SE.ADT.LITR.MA.ZS,,,,,,,,,,,,,,,,,,,,,,,,,,,,,,,,,,,,,,,,,,,,,,,,,,,,,,,,,,,,,,
Germany,DEU,"Literacy rate, adult male (% of males ages 15 and above)",SE.ADT.LITR.MA.ZS,,,,,,,,,,,,,,,,,,,,,,,,,,,,,,,,,,,,,,,,,,,,,,,,,,,,,,,,,,,,,,
Djibouti,DJI,"Literacy rate, adult male (% of males ages 15 and above)",SE.ADT.LITR.MA.ZS,,,,,,,,,,,,,,,,,,,,,,,,,,,,,,,,,,,,,,,,,,,,,,,,,,,,,,,,,,,,,,
Dominica,DMA,"Literacy rate, adult male (% of males ages 15 and above)",SE.ADT.LITR.MA.ZS,,,,,,,,,,,,,,,,,,,,,,,,,,,,,,,,,,,,,,,,,,,,,,,,,,,,,,,,,,,,,,
Denmark,DNK,"Literacy rate, adult male (% of males ages 15 and above)",SE.ADT.LITR.MA.ZS,,,,,,,,,,,,,,,,,,,,,,,,,,,,,,,,,,,,,,,,,,,,,,,,,,,,,,,,,,,,,,
Dominican Republic,DOM,"Literacy rate, adult male (% of males ages 15 and above)",SE.ADT.LITR.MA.ZS,,,,,,,,,,,,,,,,,,,,,,73.59024811,,,,,,,,,,,,,,,,,,,,,86.8110199,,,,,88.21015167,,,89.37703705,89.98500824,90.08482361,90.45812988,91.37159729,91.65071106,93.79360199,,,,,95.06999969
Algeria,DZA,"Literacy rate, adult male (% of males ages 15 and above)",SE.ADT.LITR.MA.ZS,,,,,,,,,,,,,,,,,,,,,,,,,,,,63.37742996,,,,,,,,,,,,,,,79.18669128,,,,81.28404236,,82.6158371,,,,,,,,,,87.42295837,,,
East Asia & Pacific (excluding high income),EAP,"Literacy rate, adult male (% of males ages 15 and above)",SE.ADT.LITR.MA.ZS,,,,,,,,,,,,,,,,,77.07447052,77.18769836,78.00052643,78.79309082,79.1432724,80.36482239,80.97717285,81.85337067,82.57363892,83.25534821,83.90550995,84.89195251,87.78752136,88.21112061,87.85816956,88.98358917,89.34474945,89.64225769,90.00879669,90.36885071,90.70172119,93.93878174,94.15154266,94.33856201,94.55889893,94.80095673,95.01371765,95.19477844,95.3632431,95.59378052,95.78632355,96.49651337,96.62515259,96.77438354,96.78926086,96.59072876,96.72754669,96.79118347,97.02281952,97.20735168,97.29136658,97.39745331,97.35608673,97.6827774,97.74858093,
Early-demographic dividend,EAR,"Literacy rate, adult male (% of males ages 15 and above)",SE.ADT.LITR.MA.ZS,,,,,,,,,,,,,,,,60.01409912,60.17604828,60.74729156,61.2716217,61.78792953,61.85865021,62.35340118,63.22222137,63.67396927,64.26067352,64.76091766,65.22245026,66.04572296,67.13140869,67.68332672,68.3289032,68.57221222,69.66964722,70.46369934,71.10009003,71.70957947,72.2592392,72.78623962,75.94850922,76.37772369,76.88178253,77.11174774,77.78729248,78.80664825,79.405159,79.42896271,79.43151093,79.9418335,81.12599945,81.74694824,82.0637207,81.92256927,82.46025085,82.82276917,83.34454346,83.94625092,84.40868378,84.62608337,84.72110748,85.34021759,85.61029053,
East Asia & Pacific,EAS,"Literacy rate, adult male (% of males ages 15 and above)",SE.ADT.LITR.MA.ZS,,,,,,,,,,,,,,,,,78.2023468,78.33067322,79.0681076,79.78330994,80.0830307,81.20487213,81.75029755,82.53531647,83.18565369,83.80271149,84.3940506,85.33760834,87.9559021,88.34931183,88.04477692,89.06685638,89.40480042,89.6785202,90.0328064,90.38321686,90.70607758,93.61598206,93.81835938,94.02902985,94.23693085,94.44837952,94.67450714,94.88323212,95.08505249,95.32762146,95.52333832,96.17960358,96.32647705,96.48014069,96.43158722,96.20391846,96.35443878,96.42469788,96.7309494,96.91889191,97.00939178,97.12081146,97.08638763,97.436409,97.50450897,
Europe & Central Asia (excluding high income),ECA,"Literacy rate, adult male (% of males ages 15 and above)",SE.ADT.LITR.MA.ZS,,,,,,,,,,,,,,,,,,,,,,,,97.16493225,97.60411835,97.70545959,97.72116852,97.7806778,97.82530212,97.87844086,97.9835434,97.98284149,98.03652191,98.08654785,98.1346817,98.18367767,98.2538681,98.29254913,98.38822174,98.43357086,98.67861938,98.72525787,98.76525879,98.7946701,98.85590363,99.00785828,98.98725891,99.02320099,99.02951813,99.1204834,99.28488159,99.40190125,99.45641327,99.47512817,99.49137115,99.50536346,99.5550766,99.56807709,99.58957672,99.6206665,99.63361359,
Europe & Central Asia,ECS,"Literacy rate, adult male (% of males ages 15 and above)",SE.ADT.LITR.MA.ZS,,,,,,,,,,,,,,,,,,,,,,,,,,,,,,,,,97.18160248,97.27133942,97.35231018,97.42405701,97.50157166,97.56958008,97.60170746,97.66082764,97.75016022,97.80935669,97.96378326,98.01754761,98.08097076,98.19721985,98.18595886,98.21189117,98.23312378,98.29405212,98.36820984,98.43495178,98.48898315,98.53018951,98.55516815,98.58428955,98.62841797,98.66664124,98.69782257,98.72956848,98.75701141,
Ecuador,ECU,"Literacy rate, adult male (% of males ages 15 and above)",SE.ADT.LITR.MA.ZS,,,,,,,,,,,,,,,,,,,,,,,86.78697205,,,,,,,,90.49677277,,,,,,,,,,,92.32713318,,,,,,93.3891983,93.74945068,93.66378021,93.31687164,93.05252075,93.25424194,94.42572784,95.25717163,95.72621918,95.44502258,93.77906036,,,94.81250763,94.93881989
"Egypt, Arab Rep.",EGY,"Literacy rate, adult male (% of males ages 15 and above)",SE.ADT.LITR.MA.ZS,,,,,,,,,,,,,,,,,53.6151886,,,,,,,,,,56.97615814,,,,,,,,,,67.15177917,,,,,,,,,77.91013336,74.62180328,,,,80.26864624,,81.67922211,81.69406128,,,,76.49521637,,,,78.77999878
Euro area,EMU,"Literacy rate, adult male (% of males ages 15 and above)",SE.ADT.LITR.MA.ZS,,,,,,,,,,,,,,,,,,,,,,,,,,,,,,,,,,,,,,,,,,,,,,,,,,,,,,,,,,,,,,
Eritrea,ERI,"Literacy rate, adult male (% of males ages 15 and above)",SE.ADT.LITR.MA.ZS,,,,,,,,,,,,,,,,,,,,,,,,,,,,,,,,,,,,,,,,,,,65.39012146,,,,,,75.07241058,,,,,,,,,,84.37323761,,,
Spain,ESP,"Literacy rate, adult male (% of males ages 15 and above)",SE.ADT.LITR.MA.ZS,,,,,,,,,,,,,,,,,,,,,,95.8975296,,,,,,,,,,98.03549194,,,,,,,,,,,,,98.14391327,98.61746979,98.56102753,98.633461,98.40229797,98.46193695,98.52571106,98.53618622,98.60652924,98.74874878,98.73126984,98.77088928,98.83596802,,98.92539215,,99.02506256,
Estonia,EST,"Literacy rate, adult male (% of males ages 15 and above)",SE.ADT.LITR.MA.ZS,,,,,,,,,,,,,,,,,,,,,,,,,,,,,,99.87597656,,,,,,,,,,,99.77594757,,,,,,,,,,,99.85897827,,,,,,,,,,99.87000275
Ethiopia,ETH,"Literacy rate, adult male (% of males ages 15 and above)",SE.ADT.LITR.MA.ZS,,,,,,,,,,,,,,,,,,,,,,,,,,,,,,,,,,,35.98252869,,,,,,,,,,50,41.9366188,,49.13465881,,,,,,,,,,59.24145889,,,,
European Union,EUU,"Literacy rate, adult male (% of males ages 15 and above)",SE.ADT.LITR.MA.ZS,,,,,,,,,,,,,,,,,,,,,,,,,,,,,,,,,,,,,,,,,,,,,,,,,,,,,,,,,,,,,,
Fragile and conflict affected situations,FCS,"Literacy rate, adult male (% of males ages 15 and above)",SE.ADT.LITR.MA.ZS,,,,,,,,,,,,,,,,,,,,,,,,,,,67.28990936,67.73638916,68.15039063,68.41716766,68.73681641,68.74745941,69.063591,69.24002838,69.81243896,70.1020813,70.3469696,70.78430176,71.30831909,71.50842285,69.77819061,70.16864777,71.28038025,70.902771,72.73423767,71.85337067,71.89758301,69.94843292,69.72788239,69.44352722,69.52005768,69.3935318,70.95799255,71.26859283,71.9270401,70.7495575,72.42131805,72.90634155,71.24875641,72.12213135,71.98256683,
Finland,FIN,"Literacy rate, adult male (% of males ages 15 and above)",SE.ADT.LITR.MA.ZS,,,,,,,,,,,,,,,,,,,,,,,,,,,,,,,,,,,,,,,,,,,,,,,,,,,,,,,,,,,,,,
Fiji,FJI,"Literacy rate, adult male (% of males ages 15 and above)",SE.ADT.LITR.MA.ZS,,,,,,,,,,,,,,,,,,,,,,,,,,,,,,,,,,,,,,,,,,,,,,,,,,,,,,,,,,,,,,
France,FRA,"Literacy rate, adult male (% of males ages 15 and above)",SE.ADT.LITR.MA.ZS,,,,,,,,,,,,,,,,,,,,,,,,,,,,,,,,,,,,,,,,,,,,,,,,,,,,,,,,,,,,,,
Faroe Islands,FRO,"Literacy rate, adult male (% of males ages 15 and above)",SE.ADT.LITR.MA.ZS,,,,,,,,,,,,,,,,,,,,,,,,,,,,,,,,,,,,,,,,,,,,,,,,,,,,,,,,,,,,,,
"Micronesia, Fed. Sts.",FSM,"Literacy rate, adult male (% of males ages 15 and above)",SE.ADT.LITR.MA.ZS,,,,,,,,,,,,,,,,,,,,,,,,,,,,,,,,,,,,,,,,,,,,,,,,,,,,,,,,,,,,,,
Gabon,GAB,"Literacy rate, adult male (% of males ages 15 and above)",SE.ADT.LITR.MA.ZS,,,,,,,,,,,,,,,,,,,,,,,,,,,,,,,,,,79.44418335,,,,,,,,,,,,,,,,,,,84.87329865,,,,,,85.85234833,,,86.19999695
United Kingdom,GBR,"Literacy rate, adult male (% of males ages 15 and above)",SE.ADT.LITR.MA.ZS,,,,,,,,,,,,,,,,,,,,,,,,,,,,,,,,,,,,,,,,,,,,,,,,,,,,,,,,,,,,,,
Georgia,GEO,"Literacy rate, adult male (% of males ages 15 and above)",SE.ADT.LITR.MA.ZS,,,,,,,,,,,,,,,,,,,,,,,,,,,,,,,,,,,,,,,,,,,99.76898193,,,,,,,,,,,,99.66821289,,,99.43752289,,99.68112183,,
Ghana,GHA,"Literacy rate, adult male (% of males ages 15 and above)",SE.ADT.LITR.MA.ZS,,,,,,,,,,,,,,,,,,,,,,,,,,,,,,,,,,,,,,,,,66.35128021,,,,,,,,,,78.34890747,,,,,,,,83.52458191,,84.48999786,
Gibraltar,GIB,"Literacy rate, adult male (% of males ages 15 and above)",SE.ADT.LITR.MA.ZS,,,,,,,,,,,,,,,,,,,,,,,,,,,,,,,,,,,,,,,,,,,,,,,,,,,,,,,,,,,,,,
Guinea,GIN,"Literacy rate, adult male (% of males ages 15 and above)",SE.ADT.LITR.MA.ZS,,,,,,,,,,,,,,,,,,,,,,,,,,,,,,,,,,,,,32.89533997,,,,,,,42.9031601,,,,,,,36.78979111,,,,43.64009094,,,,54.43117142,,,61.15000153
"Gambia, The",GMB,"Literacy rate, adult male (% of males ages 15 and above)",SE.ADT.LITR.MA.ZS,,,,,,,,,,,,,,,,,,,,,,,,,,,,,,,,,,,,,,,,,48.98115158,,,,,,,,,,,,,51.41804123,,61.76725006,,,,,,65.20999908
Guinea-Bissau,GNB,"Literacy rate, adult male (% of males ages 15 and above)",SE.ADT.LITR.MA.ZS,,,,,,,,,,,,,,,,,,,,33.34894943,,,,,,,,,,,,,,,,,,,,,57.61375046,,,,,,,,,,,,,,62.15797043,,,,,,,67
Equatorial Guinea,GNQ,"Literacy rate, adult male (% of males ages 15 and above)",SE.ADT.LITR.MA.ZS,,,,,,,,,,,,,,,,,,,,,,,,,,,,,,,,,,,,,,,,,94.84261322,,,,,,,,,,97.18399811,,,,,,,,,,,
Greece,GRC,"Literacy rate, adult male (% of males ages 15 and above)",SE.ADT.LITR.MA.ZS,,,,,,,,,,,,,,,,,,,,,,96.063797,,,,,,,,,,96.03746033,,,,,,,,,,97.81121826,,,,95.45005798,,96.15756989,,96.06622314,,98.2821579,,,,,,,98.50704956,,,
Grenada,GRD,"Literacy rate, adult male (% of males ages 15 and above)",SE.ADT.LITR.MA.ZS,,,,,,,,,,,98.04715729,,,,,,,,,,98.40000153,,,,98.58000183,,,,,,,,,,98.58000183,,,,,,,,,,98.58000183,,,,,,,,,,98.58000183,,,,,,,
Greenland,GRL,"Literacy rate, adult male (% of males ages 15 and above)",SE.ADT.LITR.MA.ZS,,,,,,,,,,,,,,,,,,,,,,,,,,,,,,,,,,,,,,,,,,,,,,,,,,,,,,,,,,,,,,
Guatemala,GTM,"Literacy rate, adult male (% of males ages 15 and above)",SE.ADT.LITR.MA.ZS,,,,,,,,,,,,,,,,,,,,,,,,,,,,,,,,,,,71.70639038,,,,,,,,75.41558075,,,,,,,,,,84.84873199,82.72068024,86.75615692,,,,85.34117889,,,87.73000336
Guam,GUM,"Literacy rate, adult male (% of males ages 15 and above)",SE.ADT.LITR.MA.ZS,,,,,,,,,,,,,,,,,,,,,96.38265991,,,,,,,,,,99.41710663,,,,,,,,,,99.55999756,,,,,,,,,,,,,,,,,,,,,
Guyana,GUY,"Literacy rate, adult male (% of males ages 15 and above)",SE.ADT.LITR.MA.ZS,,,,,,,,,,,,,,,,,,,,,,,,,,,,,,,,,,,,,,,,,,,,,,,,,,82.43656158,,,,,86.31437683,,,,,,,89.27999878
High income,HIC,"Literacy rate, adult male (% of males ages 15 and above)",SE.ADT.LITR.MA.ZS,,,,,,,,,,,,,,,,,,,,,,,,,,,,,,,,,,,,,,,,,,,,,,,,,,,,,,,,,,,,,,
"Hong Kong SAR, China",HKG,"Literacy rate, adult male (% of males ages 15 and above)",SE.ADT.LITR.MA.ZS,,,,,,,,,,,,,,,,,,,,,,,,,,,,,,,,,,,,,,,,,,,,,,,,,,,,,,,,,,,,,,
Honduras,HND,"Literacy rate, adult male (% of males ages 15 and above)",SE.ADT.LITR.MA.ZS,,,,,,,,,,,,,,,,,,,,,,,,,,,,,,,,,,,,,,,,,,79.78523254,,,,,,83.74603271,,,84.78900909,85.34127808,85.69619751,85.66837311,87.39595032,87.92208099,89.04894257,,87.13764191,88.24963379,,
Heavily indebted poor countries (HIPC),HPC,"Literacy rate, adult male (% of males ages 15 and above)",SE.ADT.LITR.MA.ZS,,,,,,,,,,,,,,,,,,,,,,,,,,,54.14746094,54.74452972,55.00598145,55.60950851,56.04141998,56.2041893,56.52698135,56.87221146,57.40956116,57.17668915,57.47616959,58.11114883,58.85911942,59.55292892,60.15044022,60.74383163,62.06248856,62.60173035,64.26380157,63.07157898,61.44593811,62.6558609,62.82524872,63.02967072,63.45323944,65.08139038,66.12870026,66.92067719,67.55417633,67.83448792,68.31582642,69.12989807,70.31741333,70.82392883,70.93547821,
Croatia,HRV,"Literacy rate, adult male (% of males ages 15 and above)",SE.ADT.LITR.MA.ZS,,,,,,,,,,,,,,,,,,,,,,,,,,,,,,,,98.75705719,,,,,,,,,,99.32058716,,,,,,,,,,99.62970734,,,,,,,,,,99.69000244
Haiti,HTI,"Literacy rate, adult male (% of males ages 15 and above)",SE.ADT.LITR.MA.ZS,,,,,,,,,,,,,,,,,,,,,,,37.12974167,,,,,,,,,,,,,,,,,,,,,63.09001923,,,53.35504913,,,,,,,,,,65.27764893,,,,,
Hungary,HUN,"Literacy rate, adult male (% of males ages 15 and above)",SE.ADT.LITR.MA.ZS,,,,,,,,,,,,,,,,,,,,,99.30319214,,,,,,,,,,99.30000305,,,,,,,,,,,,,,,,,,,,,,,,99.16000366,,,,,,,99.09999847
IBRD only,IBD,"Literacy rate, adult male (% of males ages 15 and above)",SE.ADT.LITR.MA.ZS,,,,,,,,,,,,,,,,73.50169373,73.56929779,73.81787109,74.37983704,74.92189789,75.24266815,75.81526184,76.44644165,77.02153778,77.58601379,78.09934998,78.58480072,79.24452972,81.03704834,81.4523468,81.54528809,82.16525269,82.70429993,83.1026001,83.46678925,83.85266876,84.22309875,85.97827148,87.58560181,87.83035278,88.1177597,88.32463074,88.61335754,89.15841675,89.39662933,89.55081177,89.44940186,90.26878357,90.50041199,90.70850372,90.81773376,91.04238892,91.47096252,91.59104919,91.85852051,91.92298126,92.1999588,92.29508972,92.18904877,92.47817993,92.62454987,
IDA & IBRD total,IBT,"Literacy rate, adult male (% of males ages 15 and above)",SE.ADT.LITR.MA.ZS,,,,,,,,,,,,,,,,70.22489166,70.30168152,70.55821228,71.07228088,71.5625,71.876091,72.38500214,72.97396851,73.50177765,74.02445221,74.50203705,74.94817352,75.56581879,77.20108032,77.61083984,77.73885345,78.24398041,78.87798309,79.35986328,79.74266052,80.09367371,80.45755005,81.97969818,83.49320221,83.76746368,83.89344788,84.12107849,84.51339722,85.07782745,85.46874237,85.45800781,85.45626068,85.63110352,86.14697266,86.37502289,86.48416901,86.58558655,87.07138062,87.24051666,87.51328278,87.6710434,88.10508728,88.25982666,88.22360229,88.55741882,88.65843201,
IDA total,IDA,"Literacy rate, adult male (% of males ages 15 and above)",SE.ADT.LITR.MA.ZS,,,,,,,,,,,,,,,,,,,,,,54.26158142,54.64490891,54.95964813,55.30945969,55.65610123,55.94583893,56.41036987,57.31948853,57.82115936,58.27674103,58.38819122,59.69197083,60.7841301,61.46411896,61.86513901,62.3339386,62.92287827,64.20063019,64.81163788,64.36679077,64.86441803,65.88078308,66.67423248,67.90290833,67.33389282,67.94338989,65.51258087,67.48584747,68.02828217,68.36556244,68.18170929,69.13301086,69.73287201,70.26418304,71.03182983,72.3110733,72.92954254,73.39299774,74.1286087,74.30135345,
IDA blend,IDB,"Literacy rate, adult male (% of males ages 15 and above)",SE.ADT.LITR.MA.ZS,,,,,,,,,,,,,,,,,,,,,57.36935043,57.4188118,57.81389999,58.09378815,58.34180069,58.60977173,58.87836075,59.45040131,60.02563858,60.50791931,61.06750107,61.34999084,64.22225189,66.77526093,67.46470642,68.13095093,68.81491852,69.44734955,70.19406891,70.65828705,68.25585938,69.0940094,69.60392761,70.97711945,72.17819214,71.4385376,74.94841766,69.53076172,70.69747925,71.81871033,72.07887268,71.5769577,73.34580231,73.09528351,73.50795746,74.00063324,74.49986267,75.15209961,74.62748718,74.64962769,74.88070679,
Indonesia,IDN,"Literacy rate, adult male (% of males ages 15 and above)",SE.ADT.LITR.MA.ZS,,,,,,,,,,,,,,,,,,,,,77.47499847,,,,,,,,,,88.02452087,,,,,,,,,,,,,,94.03507996,,95.15853882,,95.38318634,95.6470108,,95.59108734,,,96.791008,97.10652161,97.17443848,,97.33133698,,97.4493103,
IDA only,IDX,"Literacy rate, adult male (% of males ages 15 and above)",SE.ADT.LITR.MA.ZS,,,,,,,,,,,,,,,,,,,,,,52.65354919,53.02534866,53.35350037,53.75191116,54.13587189,54.43328857,54.83995819,55.92016983,56.43125153,56.83309937,56.85990143,57.36058044,57.70883942,58.39068985,58.66107941,59.01697922,59.57917023,61.12425995,61.80617142,62.36528015,62.68761826,63.96514893,64.46087646,65.70365906,65.22141266,64.33332825,63.43825912,65.82475281,66.06408691,66.4379425,66.41790009,66.94297028,67.98403931,68.57673645,69.48770142,71.1739502,71.77642822,72.75353241,73.85919952,74.00237274,
Isle of Man,IMN,"Literacy rate, adult male (% of males ages 15 and above)",SE.ADT.LITR.MA.ZS,,,,,,,,,,,,,,,,,,,,,,,,,,,,,,,,,,,,,,,,,,,,,,,,,,,,,,,,,,,,,,
India,IND,"Literacy rate, adult male (% of males ages 15 and above)",SE.ADT.LITR.MA.ZS,,,,,,,,,,,,,,,,,,,,,,54.84101868,,,,,,,,,,61.64191818,,,,,,,,,,73.4118576,,,,,75.19190216,,,,,78.87722778,,,,,,,82.36670685,,,
Not classified,INX,"Literacy rate, adult male (% of males ages 15 and above)",SE.ADT.LITR.MA.ZS,,,,,,,,,,,,,,,,,,,,,,,,,,,,,,,,,,,,,,,,,,,,,,,,,,,,,,,,,,,,,,
Ireland,IRL,"Literacy rate, adult male (% of males ages 15 and above)",SE.ADT.LITR.MA.ZS,,,,,,,,,,,,,,,,,,,,,,,,,,,,,,,,,,,,,,,,,,,,,,,,,,,,,,,,,,,,,,
"Iran, Islamic Rep.",IRN,"Literacy rate, adult male (% of males ages 15 and above)",SE.ADT.LITR.MA.ZS,,,,,,,,,,,,,,,,,48.18333054,,,,,,,,,,63.09954834,,,,,74.27448273,,,,,79.87161255,,,,,,83.5,,,88.01032257,87.27218628,,88.17703247,,,,88.87982178,89.54248047,89.63542175,,90.35240936,,,,,92.41000366
Iraq,IRQ,"Literacy rate, adult male (% of males ages 15 and above)",SE.ADT.LITR.MA.ZS,,,,,,,,,,,,,,,,,,,,,,,,,,,,,,,,,,,,,,,,,84.08740997,,,,,,,,,,,,85.90000153,81.40000153,90,,90,91.19999695,,,,
Iceland,ISL,"Literacy rate, adult male (% of males ages 15 and above)",SE.ADT.LITR.MA.ZS,,,,,,,,,,,,,,,,,,,,,,,,,,,,,,,,,,,,,,,,,,,,,,,,,,,,,,,,,,,,,,
Israel,ISR,"Literacy rate, adult male (% of males ages 15 and above)",SE.ADT.LITR.MA.ZS,,,,,,,,,,,,,,,,,,,,,,,,94.96340179,,,,,,,,,,,,,,,,,,,,,,,,,,,,,,,,,,,,,,
Italy,ITA,"Literacy rate, adult male (% of males ages 15 and above)",SE.ADT.LITR.MA.ZS,,,,,,,,,,,,,,,,,,,,,,97.46465302,,,,,,,,,,,,,,,,,,,,98.82369232,,,,,,,,,,99.14100647,,,,,,,99.35344696,99.4833374,,
Jamaica,JAM,"Literacy rate, adult male (% of males ages 15 and above)",SE.ADT.LITR.MA.ZS,,,,,,,,,,,,,,,,,,,,,,,,,,,,,,,,,,,,,,,,74.08184052,,,,,,,,,,,,,,,83.44000244,,,,,,,
Jordan,JOR,"Literacy rate, adult male (% of males ages 15 and above)",SE.ADT.LITR.MA.ZS,,,,,,,,,,,,,,,,,,,,80.48261261,,,,,,,,,,,,,,,,,,,,,,,,95.08450317,,95.17645264,,95.49455261,,,95.76724243,97.74835968,98.44455719,,,,,,98.61421204,,,98.70999908
Japan,JPN,"Literacy rate, adult male (% of males ages 15 and above)",SE.ADT.LITR.MA.ZS,,,,,,,,,,,,,,,,,,,,,,,,,,,,,,,,,,,,,,,,,,,,,,,,,,,,,,,,,,,,,,
Kazakhstan,KAZ,"Literacy rate, adult male (% of males ages 15 and above)",SE.ADT.LITR.MA.ZS,,,,,,,,,,,,,,,,,,,,,,,,,,,,,,99.07195282,,,,,,,,,,99.76329803,,,,,,,,,,99.78624725,99.8296814,,,,,,,,99.8296814,,99.90000153,
Kenya,KEN,"Literacy rate, adult male (% of males ages 15 and above)",SE.ADT.LITR.MA.ZS,,,,,,,,,,,,,,,,,,,,,,,,,,,,,,,,,,,,,,,,,87.49465942,,,,,,,78.07914734,,,,,,,83.7780304,,,,84.98883057,,,85.48000336
Kyrgyz Republic,KGZ,"Literacy rate, adult male (% of males ages 15 and above)",SE.ADT.LITR.MA.ZS,,,,,,,,,,,,,,,,,,,,,,,,,,,,,,,,,,,,,,,,99.30670929,,,,,,,,,,99.5187912,,,,,,,,,99.67700958,99.69999695,,
Cambodia,KHM,"Literacy rate, adult male (% of males ages 15 and above)",SE.ADT.LITR.MA.ZS,,,,,,,,,,,,,,,,,,,,,,,,,,,,,,,,,,,,,,,79.48217773,,,,,,84.68000793,,,,84.98745728,83.93267822,,,,,84.81414795,86.53244019,,,,,,88.43000031
Kiribati,KIR,"Literacy rate, adult male (% of males ages 15 and above)",SE.ADT.LITR.MA.ZS,,,,,,,,,,,,,,,,,,,,,,,,,,,,,,,,,,,,,,,,,,,,,,,,,,,,,,,,,,,,,,
St. Kitts and Nevis,KNA,"Literacy rate, adult male (% of males ages 15 and above)",SE.ADT.LITR.MA.ZS,,,,,,,,,,,,,,,,,,,,,,,,,,,,,,,,,,,,,,,,,,,,,,,,,,,,,,,,,,,,,,
"Korea, Rep.",KOR,"Literacy rate, adult male (% of males ages 15 and above)",SE.ADT.LITR.MA.ZS,,,,,,,,,,,,,,,,,,,,,,,,,,,,,,,,,,,,,,,,,,,,,,,,,98.31552124,,,,,,,,,,99.19999695,,,
Kuwait,KWT,"Literacy rate, adult male (% of males ages 15 and above)",SE.ADT.LITR.MA.ZS,,,,,,,,,,,,,,,,68.02863312,,,,,72.78765106,,,,,78.19730377,,,,,,,,,,81.12094879,,,,,,,,,,94.44603729,94.52522278,94.79457855,95.01587677,,95.54531097,,95.83972168,96.35418701,,96.39225006,,96.69714355,96.66645813,,97.05384827,
Latin America & Caribbean (excluding high income),LAC,"Literacy rate, adult male (% of males ages 15 and above)",SE.ADT.LITR.MA.ZS,,,,,,,,,,,,,,,81.01056671,81.00523376,81.26883698,81.55458832,81.85507202,82.11338806,82.25054932,82.58315277,82.83223724,83.10256958,83.34449005,83.57881165,83.80782318,84.12178802,84.4258728,84.7193985,84.90901947,85.50904846,86.13755798,86.77414703,87.39093781,88.02654266,88.31141663,88.59642029,89.00428009,89.26586151,89.44145203,89.61519623,89.65512848,90.44525146,90.38527679,90.85611725,90.85385132,91.33721161,91.59049988,91.9052124,91.70620728,92.44930267,92.56976318,92.61100769,92.9571991,93.17788696,93.66905975,93.71946716,93.82810974,94.26773071,94.28404999,
Lao PDR,LAO,"Literacy rate, adult male (% of males ages 15 and above)",SE.ADT.LITR.MA.ZS,,,,,,,,,,,,,,,,,,,,,,,,,,,,,,,,,,,,73.48625183,,,,,81.36018372,77.00605774,,,,82.45175171,,,,,,67.35858154,,,,89.96128082,,,,,,91.41000366
Lebanon,LBN,"Literacy rate, adult male (% of males ages 15 and above)",SE.ADT.LITR.MA.ZS,,,,,,,,,,,,,,,,,,,,,,,,,,,,,,,,,,,,,,,,,,,,,,,,93.37893677,,94.27194977,,,,,,,,,96.85466003,97.01000214,,
Liberia,LBR,"Literacy rate, adult male (% of males ages 15 and above)",SE.ADT.LITR.MA.ZS,,,,,,,,,,,,,,,,,,,,,,,,,44.87931824,,,,,,,,,,,,,,,,,,,,,,,60.77481079,,,,,,,,,,62.69655991,,,,
Libya,LBY,"Literacy rate, adult male (% of males ages 15 and above)",SE.ADT.LITR.MA.ZS,,,,,,,,,,,,,,,,,,,,,,,,,76.99263,,,,,,,,,,87.72000122,,,,,,,,,,93.84999847,,,,,,,,,,,,,,,,,
St. Lucia,LCA,"Literacy rate, adult male (% of males ages 15 and above)",SE.ADT.LITR.MA.ZS,,,,,,,,,,,,,,,,,,,,,,,,,,,,,,,,,,,,,,,,,,,,,,,,,,,,,,,,,,,,,,
Latin America & Caribbean,LCN,"Literacy rate, adult male (% of males ages 15 and above)",SE.ADT.LITR.MA.ZS,,,,,,,,,,,,,,,81.7804718,81.77266693,82.01119232,82.28806305,82.58750916,82.84747314,82.99227905,83.31981659,83.55773163,83.82884216,84.0684967,84.30030823,84.52680206,84.81265259,85.17555237,85.49228668,85.67819977,86.23439026,86.81147003,87.40057373,87.96971893,88.55500793,88.82463074,89.09976959,89.50509644,89.74421692,89.91433716,90.08574677,90.13220215,90.84958649,90.80979156,91.24588013,91.32727814,91.83463287,92.06693268,92.3406601,92.15268707,92.75231171,92.88012695,92.90019226,93.30680084,93.51824188,93.98800659,94.00743103,94.11464691,94.51634979,94.53778076,
Least developed countries: UN classification,LDC,"Literacy rate, adult male (% of males ages 15 and above)",SE.ADT.LITR.MA.ZS,,,,,,,,,,,,,,,,,,,,,,51.36857986,51.72912979,52.05828857,52.44530869,52.81632996,53.09001923,53.48437119,54.57891083,55.13143158,55.52970123,55.51609039,56.03284836,56.38275909,57.09778976,57.66222,58.00352859,58.56673813,60.1701088,60.90739822,61.07746887,61.35881042,62.59939957,63.19831848,64.52723694,63.94612122,62.9108696,61.68938065,64.23737335,64.81316376,65.13056946,65.07421875,65.66678619,66.79704285,67.47907257,68.47705078,70.30647278,70.95858002,71.07878113,72.26773071,72.41323853,
Low income,LIC,"Literacy rate, adult male (% of males ages 15 and above)",SE.ADT.LITR.MA.ZS,,,,,,,,,,,,,,,,,,,,,,,,,,,,,56.68787003,57.04475021,57.40663147,57.43875885,57.62799072,57.78063965,58.11001968,58.19324112,58.3456192,58.8800087,59.48392868,60.23022079,60.20685959,60.75785828,62.51408005,62.72188187,64.53103638,63.37866974,61.6313591,62.57205963,62.90143967,63.46384048,64.01969147,65.4937973,65.88343048,66.77497101,67.06507111,67.3493576,67.70509338,68.50460052,68.21788025,68.65747833,68.66123962,
Liechtenstein,LIE,"Literacy rate, adult male (% of males ages 15 and above)",SE.ADT.LITR.MA.ZS,,,,,,,,,,,,,,,,,,,,,,,,,,,,,,,,,,,,,,,,,,,,,,,,,,,,,,,,,,,,,,
Sri Lanka,LKA,"Literacy rate, adult male (% of males ages 15 and above)",SE.ADT.LITR.MA.ZS,,,,,,,,,,,,,,,,,,,,,,91.3483963,,,,,,,,,,,,,,,,,,,,92.27020264,,,,,92.71365356,,92.243927,,92.57846832,,,,,,93.45588684,92.98055267,92.77292633,93.03135681,93.2840271,
Lower middle income,LMC,"Literacy rate, adult male (% of males ages 15 and above)",SE.ADT.LITR.MA.ZS,,,,,,,,,,,,,,,,60.19181061,60.2924881,60.79682159,61.25968933,61.68635941,61.69800949,62.15330887,62.93912125,63.3399086,63.80028915,64.26374054,64.70539093,65.53115845,66.56661224,67.13337708,67.76112366,68.01499939,69.14044952,69.93414307,70.53749847,71.12400055,71.69499969,72.26170349,75.46188354,75.90585327,76.10328674,76.40509033,76.95590973,77.91680145,78.42108917,78.41403961,78.61489868,78.4298172,79.47590637,80.10426331,80.40155792,80.26074982,80.96560669,81.33132935,81.7684021,82.44946289,82.93560028,83.33843231,83.7227478,84.21421814,84.51055908,
Low & middle income,LMY,"Literacy rate, adult male (% of males ages 15 and above)",SE.ADT.LITR.MA.ZS,,,,,,,,,,,,,,,,69.63542175,69.72260284,69.99404144,70.52924347,71.03988647,71.36943054,71.89987183,72.5109787,73.05684662,73.59796906,74.09345245,74.55413055,75.1918869,76.85719299,77.27635193,77.41043854,77.92752075,78.57527924,79.06707764,79.45794678,79.81651306,80.18836975,81.73725128,83.27523804,83.55847931,83.68805695,83.92047119,84.32185364,84.89729309,85.29538727,85.28605652,85.27850342,85.45134735,85.977211,86.2089386,86.32295227,86.43543243,86.92848206,87.10381317,87.37277222,87.53372192,87.97322845,88.13529205,88.10044098,88.44065857,88.5442276,
Lesotho,LSO,"Literacy rate, adult male (% of males ages 15 and above)",SE.ADT.LITR.MA.ZS,,,,,,,,,,,,,,,,,,,,,,,,,,,,,,,,,,,,,,,,,79.99578094,,,,,,,,,65.5219574,,,,,67.74746704,,,,,,,72.90000153
Late-demographic dividend,LTE,"Literacy rate, adult male (% of males ages 15 and above)",SE.ADT.LITR.MA.ZS,,,,,,,,,,,,,,,,,80.5578537,80.56793976,81.16493225,81.7387085,82.31041718,82.88604736,83.31407928,83.98906708,84.52153015,85.03710938,85.53404236,86.00901031,88.43488312,88.76435089,88.46011353,89.43811798,89.77780914,90.11431122,90.40000916,90.71549988,91.00225067,93.83482361,94.0289917,94.21365356,94.3531189,94.60836792,94.80786896,95.07584381,95.21698761,95.42250824,95.56038666,96.1280899,96.25874329,96.38986969,96.3706665,96.72657013,96.85292816,96.90274048,96.92056274,97.1365509,97.29582977,97.38057709,97.45955658,97.58139801,97.66609955,
Lithuania,LTU,"Literacy rate, adult male (% of males ages 15 and above)",SE.ADT.LITR.MA.ZS,,,,,,,,,,,,,,,,,,,,,,,,,,,,,,99.20681,,,,,,,,,,,,99.64315033,,,,,,,,,,99.79418945,,,,,,,,,,99.80999756
Luxembourg,LUX,"Literacy rate, adult male (% of males ages 15 and above)",SE.ADT.LITR.MA.ZS,,,,,,,,,,,,,,,,,,,,,,,,,,,,,,,,,,,,,,,,,,,,,,,,,,,,,,,,,,,,,,
Latvia,LVA,"Literacy rate, adult male (% of males ages 15 and above)",SE.ADT.LITR.MA.ZS,,,,,,,,,,,,,,,,,,,,,,,,,,,,,,99.7543335,,,,,,,,,,,99.79334259,,,,,,,,,,,99.88110352,,,,,,,99.86837006,,,99.86000061
"Macao SAR, China",MAC,"Literacy rate, adult male (% of males ages 15 and above)",SE.ADT.LITR.MA.ZS,,,,,,,,,,,,,,,,,,,,,,92.80967712,,,,,,,,,,,,,,,,,,,,95.27620697,,,,,96.46999359,,,,,97.75128937,,,,,98.18592072,,,,,98.47000122
St. Martin (French part),MAF,"Literacy rate, adult male (% of males ages 15 and above)",SE.ADT.LITR.MA.ZS,,,,,,,,,,,,,,,,,,,,,,,,,,,,,,,,,,,,,,,,,,,,,,,,,,,,,,,,,,,,,,
Morocco,MAR,"Literacy rate, adult male (% of males ages 15 and above)",SE.ADT.LITR.MA.ZS,,,,,,,,,,,,,,,,,,,,,,,43.7143898,,,,,,,,,,,,55.15517044,,,,,,,,,,65.70675659,,,,68.36585999,68.9176178,,76.07357788,80.38336182,,75.36726379,,,,83.30135345,,,84.80999756
Monaco,MCO,"Literacy rate, adult male (% of males ages 15 and above)",SE.ADT.LITR.MA.ZS,,,,,,,,,,,,,,,,,,,,,,,,,,,,,,,,,,,,,,,,,,,,,,,,,,,,,,,,,,,,,,
Moldova,MDA,"Literacy rate, adult male (% of males ages 15 and above)",SE.ADT.LITR.MA.ZS,,,,,,,,,,,,,,,,,,,,,,,,,,,,,,98.61405182,,,,,,,,,,,97.97762299,,,,,,,,,,,,,,99.60201263,,,,,,,99.69999695
Madagascar,MDG,"Literacy rate, adult male (% of males ages 15 and above)",SE.ADT.LITR.MA.ZS,,,,,,,,,,,,,,,,,,,,,,,,,,,,,,,,,,,,,,,,,76.53832245,,,,,63.34706879,,,,67.41731262,,,75.02886963,,,,,,78.37828064,,,78.79000092
Maldives,MDV,"Literacy rate, adult male (% of males ages 15 and above)",SE.ADT.LITR.MA.ZS,,,,,,,,,,,,,,,,,,82.40484619,,,,,,,,92.11401367,,,,,95.89713287,,,,,96.21227264,,,,,96.21227264,,,,,,98.36569214,,,,,,,,98.52033997,,97.29892731,,,,,97.56999969
Middle East & North Africa,MEA,"Literacy rate, adult male (% of males ages 15 and above)",SE.ADT.LITR.MA.ZS,,,,,,,,,,,,,,57.02642059,57.49430847,57.98892975,58.22566986,59.01528931,59.62866974,60.24805832,60.94131851,61.58087158,62.25896835,62.67058182,63.50395966,64.40484619,65.1496582,65.91394806,66.88574219,67.73911285,69.81230927,70.76380157,71.60240936,72.75691986,73.38587189,74.5045929,75.32485199,76.23397064,77.19989014,77.9838028,78.68978119,79.62368011,79.9514389,83.29766083,83.81350708,82.99323273,82.37748718,82.95919037,83.42758179,83.02600098,83.51609802,84.18399811,86.83838654,86.82601166,87.41002655,86.10018921,86.99192047,87.49327087,85.19445801,85.43112946,85.77761078,
Mexico,MEX,"Literacy rate, adult male (% of males ages 15 and above)",SE.ADT.LITR.MA.ZS,,,,,,,,,,,,,,,,,,,,,86.24265289,,,,,,,,,,90.34739685,,,,,,,,,,92.55937195,,91.99780273,,92.44960785,93.1904068,93.90119934,94.44151306,94.59216309,94.91657257,94.38394165,94.78276825,95.39163208,95.11210632,95.62046814,95.54933167,95.84481812,95.87236786,96.23290253,,96.05874634,
Marshall Islands,MHL,"Literacy rate, adult male (% of males ages 15 and above)",SE.ADT.LITR.MA.ZS,,,,,,,,,,,,,,,,,,,,,,,,,,,,,,,,,,,,,,,,,,,,,,,,,,,,98.3250885,,,,,,,,,,
Middle income,MIC,"Literacy rate, adult male (% of males ages 15 and above)",SE.ADT.LITR.MA.ZS,,,,,,,,,,,,,,,,70.7289505,70.80367279,71.07115173,71.62146759,72.14913177,72.47032928,73.00273132,73.6190033,74.16867065,74.71539307,75.21524811,75.68682098,76.3343811,78.08177185,78.51045227,78.63822174,79.19715881,79.88630676,80.41323853,80.82302094,81.21544647,81.60919952,83.23529816,84.84809875,85.11414337,85.26708221,85.49250793,85.81562042,86.43074036,86.74658203,86.83573914,86.97070313,87.11003876,87.6739502,87.9061203,88.01222229,88.04562378,88.5717392,88.71650696,89.01045227,89.18937683,89.66369629,89.8011322,89.81816864,90.18199158,90.32849121,
North Macedonia,MKD,"Literacy rate, adult male (% of males ages 15 and above)",SE.ADT.LITR.MA.ZS,,,,,,,,,,,,,,,,,,,,,,,,,,,,,,,,,,,97.23235321,,,,,,,,98.21278381,,,,,,,,,,98.69999695,,98.80999756,,,,,,,
Mali,MLI,"Literacy rate, adult male (% of males ages 15 and above)",SE.ADT.LITR.MA.ZS,,,,,,,,,,,,,,,,,13.51292038,,,,,,,,,,,,,,,,,,,,,,26.73296928,,,,,32.70000076,,,34.85789108,,,,43.40063095,43.52046967,,,,45.06592178,,,46.18413925,,40.43405151,
Malta,MLT,"Literacy rate, adult male (% of males ages 15 and above)",SE.ADT.LITR.MA.ZS,,,,,,,,,,,,,,,,,,,,,,,,,,86.55354309,,,,,,,,,,86.43028259,,,,,,,,,,91.18657684,,,,,,91.79264832,,,,,,,93.00997162,,,93.44000244
Myanmar,MMR,"Literacy rate, adult male (% of males ages 15 and above)",SE.ADT.LITR.MA.ZS,,,,,,,,,,,,,,,,,,,,,,,,85.7883606,,,,,,,,,,,,,,,,,93.924263,,,,,,,,,,,,,,,,80.01158905,,,92.39292908,,
Middle East & North Africa (excluding high income),MNA,"Literacy rate, adult male (% of males ages 15 and above)",SE.ADT.LITR.MA.ZS,,,,,,,,,,,,53.73654175,54.20822144,54.67996979,55.14876938,55.64981842,55.85091019,56.6708107,57.29917145,57.93424988,58.65975952,59.31933975,59.92937851,60.33742142,61.20635986,62.18054962,62.98104858,63.80464172,64.7804184,65.63208008,67.90711975,68.91432953,69.88932037,71.11947632,71.77430725,72.99346161,73.83547211,74.77805328,75.70879364,76.51261139,77.26087952,78.19898987,78.39238739,82.40200806,82.9152832,81.85214233,80.98558044,81.54270935,81.91976166,81.33222198,81.81031036,81.97367096,85.15258789,85.0355835,85.61019135,83.59275055,84.67459869,85.25708771,82.38510895,82.67365265,82.96537018,
Montenegro,MNE,"Literacy rate, adult male (% of males ages 15 and above)",SE.ADT.LITR.MA.ZS,,,,,,,,,,,,,,,,,,,,,,96.32053375,,,,,,,,,,89.28208923,,,,,,,,,,,,99.30319214,,,,,,,,99.43121338,,,,,,,99.45046997,,,99.44999695
Mongolia,MNG,"Literacy rate, adult male (% of males ages 15 and above)",SE.ADT.LITR.MA.ZS,,,,,,,,,,,,,,,,,,,,,,,,,,,,,,,,,,,,,,,,,98.01677704,,,,,,,,,,98.17469788,,,,,,,,,,99.12138367,
Northern Mariana Islands,MNP,"Literacy rate, adult male (% of males ages 15 and above)",SE.ADT.LITR.MA.ZS,,,,,,,,,,,,,,,,,,,,,,,,,,,,,,,,,,,,,,,,,,,,,,,,,,,,,,,,,,,,,,
Mozambique,MOZ,"Literacy rate, adult male (% of males ages 15 and above)",SE.ADT.LITR.MA.ZS,,,,,,,,,,,,,,,,,,,,,43.77833176,,,,,,,,,,,,,,,,,54.81887817,,,,,,65.57710266,,,,,,67.35469818,,,,,,70.75839233,,72.59944916,,,,74.08000183
Mauritania,MRT,"Literacy rate, adult male (% of males ages 15 and above)",SE.ADT.LITR.MA.ZS,,,,,,,,,,,,,,,,,,,,,,,,,,,,,,,,,,,,,,,,,59.54032898,,,,,,,57.4043808,,,,,,67.95720673,,,,63.74855042,,,,71.77999878
Mauritius,MUS,"Literacy rate, adult male (% of males ages 15 and above)",SE.ADT.LITR.MA.ZS,,,,,,,,,,,,,,,,,,,,,,,,,,,,,,,85.14575195,,,,,,,,,,88.2278595,,,,,,,,,,,91.95172119,94.65241241,94.03688812,94.76538086,94.86116791,95.43585968,,,,,93.91000366
Malawi,MWI,"Literacy rate, adult male (% of males ages 15 and above)",SE.ADT.LITR.MA.ZS,,,,,,,,,,,,,,,,,,,,,,,,,,,,65.27950287,,,,,,,,,,,74.92640686,,,,,,,,,,,,72.09764862,,,,75.97926331,69.75396729,,,,,,71.16000366
Malaysia,MYS,"Literacy rate, adult male (% of males ages 15 and above)",SE.ADT.LITR.MA.ZS,,,,,,,,,,,,,,,,,,,,,78.14633179,,,,,,,,,,,88.56298828,,,,,,,,,91.96923828,,,,,,,,,,95.43374634,,,,,,96.29699707,96.49912262,96.12304688,96.21800232,,
North America,NAC,"Literacy rate, adult male (% of males ages 15 and above)",SE.ADT.LITR.MA.ZS,,,,,,,,,,,,,,,,,,,,,,,,,,,,,,,,,,,,,,,,,,,,98.6758728,98.68415833,98.69210815,,,,,,,,,,,,,,,,
Namibia,NAM,"Literacy rate, adult male (% of males ages 15 and above)",SE.ADT.LITR.MA.ZS,,,,,,,,,,,,,,,,,,,,,,,,,,,,,,,,77.80812073,,,,,,,,,,86.55522919,,,,,,74.32834625,,,,88.63123322,,,,,,,91.62741852,,,92.16000366
New Caledonia,NCL,"Literacy rate, adult male (% of males ages 15 and above)",SE.ADT.LITR.MA.ZS,,,,,,,,,,,,,,,,,92.19094086,,,,,,,,,,,,,94.04418945,,,,,,,96.78476715,,,,,,,,,,97.80000305,,,,,,,,98.13999939,,,,,,,
Niger,NER,"Literacy rate, adult male (% of males ages 15 and above)",SE.ADT.LITR.MA.ZS,,,,,,,,,,,,,,,,,,,,,,,,,,,,,,,,,,,,,,,,,,19.64006042,,,,42.92736816,,,,,,,39.05868912,,,,,,43.59405899,,,45.81000137
Nigeria,NGA,"Literacy rate, adult male (% of males ages 15 and above)",SE.ADT.LITR.MA.ZS,,,,,,,,,,,,,,,,,,,,,,,,,,,,,,,,67.65373993,,,,,,,,,,,,66.76743317,,,76.13186646,,61.25405121,,,,,,,,,,71.25570679,,,
Nicaragua,NIC,"Literacy rate, adult male (% of males ages 15 and above)",SE.ADT.LITR.MA.ZS,,,,,,,,,,,,,,,,,,,,,,,,,,,,,,,,,,,,,,,,,,76.76049042,,,,78.09642792,,,,,,,,,,82.43855286,,,,,,
Netherlands,NLD,"Literacy rate, adult male (% of males ages 15 and above)",SE.ADT.LITR.MA.ZS,,,,,,,,,,,,,,,,,,,,,,,,,,,,,,,,,,,,,,,,,,,,,,,,,,,,,,,,,,,,,,
Norway,NOR,"Literacy rate, adult male (% of males ages 15 and above)",SE.ADT.LITR.MA.ZS,,,,,,,,,,,,,,,,,,,,,,,,,,,,,,,,,,,,,,,,,,,,,,,,,,,,,,,,,,,,,,
Nepal,NPL,"Literacy rate, adult male (% of males ages 15 and above)",SE.ADT.LITR.MA.ZS,,,,,,,,,,,,,,,,,,,,,,31.67275047,,,,,,,,,,49.22002029,,,,,,,,,,62.70801163,,,,,,,,,,71.70838165,,,,,,,78.59133911,,,80.98000336
Nauru,NRU,"Literacy rate, adult male (% of males ages 15 and above)",SE.ADT.LITR.MA.ZS,,,,,,,,,,,,,,,,,,,,,,,,,,,,,,,,,,,,,,,,,,,,,,,,,,,,,,,,,,,,,,
New Zealand,NZL,"Literacy rate, adult male (% of males ages 15 and above)",SE.ADT.LITR.MA.ZS,,,,,,,,,,,,,,,,,,,,,,,,,,,,,,,,,,,,,,,,,,,,,,,,,,,,,,,,,,,,,,
OECD members,OED,"Literacy rate, adult male (% of males ages 15 and above)",SE.ADT.LITR.MA.ZS,,,,,,,,,,,,,,,,,,,,,,,,,,,,,,,,,,,,,,,,,,,,,,,,,,,,,,,,,,,,,,
Oman,OMN,"Literacy rate, adult male (% of males ages 15 and above)",SE.ADT.LITR.MA.ZS,,,,,,,,,,,,,,,,,,,,,,,,,,,,,,,,,,,,,,,,,,,,86.86234283,,,,,89.99932098,,90.24302673,,,,94.99073792,96.63287354,96.63082886,97.02387238,96.98941803,,,
Other small states,OSS,"Literacy rate, adult male (% of males ages 15 and above)",SE.ADT.LITR.MA.ZS,,,,,,,,,,,,,,,,,,,,,,,,76.0370636,76.24523926,76.44473267,76.67516327,77.0222168,77.09966278,77.56247711,77.88819885,78.13803101,78.57858276,79.04171753,79.28534698,79.64939117,80.2057724,80.69750977,81.50244141,81.93982697,82.10166931,82.85610199,83.62187195,84.21366882,84.42088318,85.00959778,84.35778046,83.09819794,84.36434937,83.44992828,84.3139267,84.7230072,84.88542175,85.23683929,86.08603668,87.34562683,87.58283997,87.5549469,87.55715942,87.60238647,87.63887024,
Pakistan,PAK,"Literacy rate, adult male (% of males ages 15 and above)",SE.ADT.LITR.MA.ZS,,,,,,,,,,,,,,,,,,,,,,35.38064957,,,,,,,,,,,,,,,,,55.29661179,,,,,,,64.06047821,67.65184021,65.00493622,68.8660965,68.62761688,68.90061188,66.99114227,69.85822296,68.62934113,69.06681061,,,71.11599731,69.27658081,69.28746033,,
Panama,PAN,"Literacy rate, adult male (% of males ages 15 and above)",SE.ADT.LITR.MA.ZS,,,,,,,,,,,,,,,,,,,,,88.09651947,,,,,,,,,,89.33695984,,,,,,,,,,92.54792786,,,,,,,,,,94.70741272,,,,,,,,95.96893311,96.14089966,,
Peru,PER,"Literacy rate, adult male (% of males ages 15 and above)",SE.ADT.LITR.MA.ZS,,,,,,,,,,,,,,,,,,,,,,90.1435318,,,,,,,,,,,,92.85101318,,,,,,,,,,,93.46070099,93.7183075,94.22582245,94.85703278,,,,,96.95012665,,96.94898224,97.10637665,97.1884613,97.03974152,97.12136841,,96.98989105,
Philippines,PHL,"Literacy rate, adult male (% of males ages 15 and above)",SE.ADT.LITR.MA.ZS,,,,,,,,,,,,,,,,,,,,,83.88928986,,,,,,,,,,93.97168732,,,,93.30285645,,,,,,92.54499817,,,91.63449097,,,,,95.01213074,,,,,96.00833893,,98.12325287,,,,95.70572662,,
Palau,PLW,"Literacy rate, adult male (% of males ages 15 and above)",SE.ADT.LITR.MA.ZS,,,,,,,,,,,,,,,,,,,,,93.2873764,,,,,,,,,,,,,,,,,,,,,,,,,,,,,,,,,99.46720886,,96.81275177,,,,,,
Papua New Guinea,PNG,"Literacy rate, adult male (% of males ages 15 and above)",SE.ADT.LITR.MA.ZS,,,,,,,,,,,,,,,,,,,,,,,,,,,,,,,,,,,,,,,,,63.44522095,,,,,,,,,,65.29000092,,,,,,,,,,,
Poland,POL,"Literacy rate, adult male (% of males ages 15 and above)",SE.ADT.LITR.MA.ZS,,,,,,,,,,,,,,,,,,,99.27516937,,,,,,,,,,99.27516937,,,,,,,,,,99.27516937,,,,,,,,,,99.27516937,,,,,,,,,,,,,99.80000305
Pre-demographic dividend,PRE,"Literacy rate, adult male (% of males ages 15 and above)",SE.ADT.LITR.MA.ZS,,,,,,,,,,,,,,,,,,,,,,,,,,,60.79668045,61.51293945,61.96709061,62.67589951,63.18793106,63.28437042,63.89754105,64.35710907,64.80622101,64.93276978,65.38825989,66.11447906,66.81759644,67.59365845,66.29927063,67.08873749,67.55136108,67.50199127,68.51573944,67.85421753,67.76663208,65.00547028,64.64063263,64.03308105,64.44117737,65.75356293,68.29492188,68.80535126,69.70826721,68.44075775,70.48429108,71.28955078,70.90120697,71.34496307,71.4605484,
Puerto Rico,PRI,"Literacy rate, adult male (% of males ages 15 and above)",SE.ADT.LITR.MA.ZS,,,,,,,,,,,,,,,,,,,,,87.74803162,,,,,,,,,,89.50269318,,,,,,,,,,,,,,,,,,,,91.33078003,,,,,,,92.38996124,,,,92.40000153
"Korea, Dem. People's Rep.",PRK,"Literacy rate, adult male (% of males ages 15 and above)",SE.ADT.LITR.MA.ZS,,,,,,,,,,,,,,,,,,,,,,,,,,,,,,,,,,,,,,,,,,,,,,,,,99.99887848,,,,,,,,,,99.99887848,,,
Portugal,PRT,"Literacy rate, adult male (% of males ages 15 and above)",SE.ADT.LITR.MA.ZS,,,,,,,,,,,,,,,,,,,,,,84.83334351,,,,,,,,,,91.58705902,,,,,,,,,,,,,,,,,,,,96.2855835,,,,,,,97.35362244,,,97.76000214
Paraguay,PRY,"Literacy rate, adult male (% of males ages 15 and above)",SE.ADT.LITR.MA.ZS,,,,,,,,,,,,,,,,,,,,,,,81.08306885,,,,,,,,,,92.00015259,,,,,,,,,,,,,,,95.71237946,94.12631989,94.36772919,94.8131485,,94.81725311,95.6661911,95.87412262,96.25430298,95.47605896,,94.51148224,93.78816986,94.92147064,
West Bank and Gaza,PSE,"Literacy rate, adult male (% of males ages 15 and above)",SE.ADT.LITR.MA.ZS,,,,,,,,,,,,,,,,,,,,,,,,,,,,,,,,,,,,,,92.24852753,,,,,,,96.07893372,,97.08058929,97.10471344,97.20130157,97.31667328,97.52520752,97.74404907,98.06757355,98.26705933,98.27913666,98.37687683,98.50679016,98.52600861,98.65782166,98.80442047,98.79380035,
Pacific island small states,PSS,"Literacy rate, adult male (% of males ages 15 and above)",SE.ADT.LITR.MA.ZS,,,,,,,,,,,,,,,,,,,,,,,,,,,,,,,89.63057709,89.64489746,89.85218811,90.06672668,90.284729,90.49108124,90.67214966,90.85894012,91.04737091,91.22512054,91.38944244,91.55168915,91.69512177,91.82012939,91.95311737,92.04930115,92.14421082,92.25813293,92.37786865,92.49201965,92.61425018,92.68791962,92.74433136,92.79379272,92.80902863,92.82274628,92.86560059,92.91236877,92.96539307,93.02458954,93.08757019,
Post-demographic dividend,PST,"Literacy rate, adult male (% of males ages 15 and above)",SE.ADT.LITR.MA.ZS,,,,,,,,,,,,,,,,,,,,,,,,,,,,,,,,,,,,,,,,,,,,,,,,,,,,,,,,,,,,,,
French Polynesia,PYF,"Literacy rate, adult male (% of males ages 15 and above)",SE.ADT.LITR.MA.ZS,,,,,,,,,,,,,,,,,,,,,,,,,,,,,,,,,,,,,,,,,,,,,,,,,,,,,,,,,,,,,,
Qatar,QAT,"Literacy rate, adult male (% of males ages 15 and above)",SE.ADT.LITR.MA.ZS,,,,,,,,,,,,,,,,,,,,,,,,,,,76.79582977,,,,,,,,,,,84.24456024,,,,,,,86.73982239,,,89.95789337,91.43579102,91.36682129,91.74861908,91.65413666,89.9982605,90.34342957,91.04651642,,92.88156128,93.14446259,,,,
Romania,ROU,"Literacy rate, adult male (% of males ages 15 and above)",SE.ADT.LITR.MA.ZS,,,,,,,,,,,,,,,,,,,,,,,,,,,,,,,,,98.53202057,,,,,,,,,,98.40440369,,,,,,,,,99.0342865,,,,,,,99.10800934,,,99.09999847
Russian Federation,RUS,"Literacy rate, adult male (% of males ages 15 and above)",SE.ADT.LITR.MA.ZS,,,,,,,,,,,,,,,,,,,,,,,,,,,,,,99.45623779,,,,,,,,,,,,,99.69407654,,,,,,,,99.72830963,,,,,,,,99.72515869,,99.69999695,
Rwanda,RWA,"Literacy rate, adult male (% of males ages 15 and above)",SE.ADT.LITR.MA.ZS,,,,,,,,,,,,,,,,,,,50.82326126,,,,,,,,,,,,,,,,,,,,,,71.41938019,,,,,,,,,,71.13053894,,72.4451828,,76.14972687,,,,77.55879974,,,78.69999695
South Asia,SAS,"Literacy rate, adult male (% of males ages 15 and above)",SE.ADT.LITR.MA.ZS,,,,,,,,,,,,,,,,49.94168854,49.95933151,50.54817963,51.10839081,51.61830902,52.13589096,51.9708786,53.12791061,53.64797974,54.15793991,54.66075134,55.1471405,55.62915039,57.08452988,57.69548035,58.27148819,58.33132935,59.85208893,60.8866806,61.51345825,62.16115189,62.8070488,63.44416046,68.60549927,69.13889313,69.68038177,69.85626984,70.73000336,71.64340973,72.17703247,72.5451889,72.57694244,72.8911972,74.7771225,75.29618835,75.71589661,75.84040833,76.53977203,77.05271149,77.50517273,78.26880646,79.38095856,79.8610611,80.02455902,80.45510864,80.89277649,
Saudi Arabia,SAU,"Literacy rate, adult male (% of males ages 15 and above)",SE.ADT.LITR.MA.ZS,,,,,,,,,,,,,,,,,,,,,,,,,,,,,,,,,79.96852875,,,,,,,,87.06076813,,,,87.53204346,,,,,,,,,96.53143311,,,,97.10370636,,,98.62293243,
Sudan,SDN,"Literacy rate, adult male (% of males ages 15 and above)",SE.ADT.LITR.MA.ZS,,,,,,,,,,,,,,,,,,,,,,,,,,,,,,,,,,,,,,,,,71.58101654,,,,,,,,59.79824829,,,,,,,,,,65.43515015,,,
Senegal,SEN,"Literacy rate, adult male (% of males ages 15 and above)",SE.ADT.LITR.MA.ZS,,,,,,,,,,,,,,,,,,,,,,,,,,,,,36.90288162,,,,,,,,,,,,,,51.05152893,,,,52.25848007,,,59.78427124,,66.03601074,,53.9004097,,,,64.81227875,,,,68.40000153
Singapore,SGP,"Literacy rate, adult male (% of males ages 15 and above)",SE.ADT.LITR.MA.ZS,,,,,,,,,,,,,,,,,,,,,91.56623077,,,,,,,,,,95.09316254,,,,,,,,,,96.56510162,,,,,,,,,,98.03713989,98.39283752,98.46945953,98.5425415,98.60901642,98.55957031,98.73446655,98.79692078,98.85089874,98.90351868,98.54186249,
Solomon Islands,SLB,"Literacy rate, adult male (% of males ages 15 and above)",SE.ADT.LITR.MA.ZS,,,,,,,,,,,,,,,,,,,,,,,,,,,,,,,,,,,,,,,,83.69999695,,,,,,,,,,83.69999695,,,,,,,,,,,,
Sierra Leone,SLE,"Literacy rate, adult male (% of males ages 15 and above)",SE.ADT.LITR.MA.ZS,,,,,,,,,,,,,,,,,,,,,,,,,,,,,,,,,,,,,,,,,,,,,46.65428925,,,,,,,,,41.33216858,,,,,51.6468811,,,55.29999924
El Salvador,SLV,"Literacy rate, adult male (% of males ages 15 and above)",SE.ADT.LITR.MA.ZS,,,,,,,,,,,,,,,,,,,,,,,,,,,,,,,,,77.37241364,,,,,,,,,,,,,,86.69534302,84.86406708,87.05467987,86.82521057,87.09970093,88.39164734,,89.23500824,,90.0099411,90.29927063,90.63137817,91.1023407,91.30619812,91.73168945,
San Marino,SMR,"Literacy rate, adult male (% of males ages 15 and above)",SE.ADT.LITR.MA.ZS,,,,,,,,,,,,,,,,,,,,,,,,,,,,,,,,,,,,,,,,,,,,,,,,,,,,,,,,,,,,,,
Somalia,SOM,"Literacy rate, adult male (% of males ages 15 and above)",SE.ADT.LITR.MA.ZS,,,,,,,,,,,,,7.198440075,,,,,,,,,,,,,,,,,,,,,,,,,,,,,,,,,,,,,,,,,,,,,,,,,
Serbia,SRB,"Literacy rate, adult male (% of males ages 15 and above)",SE.ADT.LITR.MA.ZS,,,,,,,,,,,,,,,,,,,,,,,,,,,,,,,,,,,,,,,,,,,,98.90718079,,,,,,,,99.26464081,,,,,99.49970245,,,99.87580872,,
Sub-Saharan Africa (excluding high income),SSA,"Literacy rate, adult male (% of males ages 15 and above)",SE.ADT.LITR.MA.ZS,,,,,,,,,,,,,,,,,,,,,,,,,,60.19837189,60.48538971,61.07107162,61.4474411,62.01319122,62.53824997,62.61059189,63.26961899,63.75944901,64.37580872,64.43628693,64.90590668,65.51506042,66.14530945,66.81768799,65.72847748,66.48986053,67.52079773,67.60019684,69.45693207,68.16303253,68.26161194,66.43299103,66.26104736,67.13440704,67.52163696,68.7193222,69.74873352,70.41462708,70.91226959,71.24080658,71.66184235,71.79988098,72.99064636,73.80075073,73.84033966,
South Sudan,SSD,"Literacy rate, adult male (% of males ages 15 and above)",SE.ADT.LITR.MA.ZS,,,,,,,,,,,,,,,,,,,,,,,,,,,,,,,,,,,,,,,,,,,,,,,,,34.83692932,,,,,,,,,,40.26480865,,,
Sub-Saharan Africa,SSF,"Literacy rate, adult male (% of males ages 15 and above)",SE.ADT.LITR.MA.ZS,,,,,,,,,,,,,,,,,,,,,,,,,,60.20246124,60.48945999,61.07498169,61.45135117,62.01699829,62.54198837,62.61444855,63.27342987,63.76327896,64.37954712,64.44017792,64.90976715,65.51883698,66.14901733,66.82131958,65.73238373,66.49372864,67.52456665,67.6040802,69.46057892,68.16693878,68.26551819,66.43720245,66.26522064,67.13845062,67.52557373,68.72306824,69.75228119,70.41803741,70.91555786,71.24398804,71.66490936,71.8028717,72.99343872,73.8033905,73.84293365,
Small states,SST,"Literacy rate, adult male (% of males ages 15 and above)",SE.ADT.LITR.MA.ZS,,,,,,,,,,,,,,,,,,,,,,,,,,,79.34906769,79.59021759,79.63333893,79.94068146,80.15540314,80.33056641,80.64488983,80.97953796,81.16326141,81.48703766,81.94042206,82.34861755,82.98766327,83.23670197,83.56562042,84.18173981,84.78836823,85.26879883,85.47457886,85.96260071,85.52413177,84.69648743,85.65174866,84.9961319,85.63513947,85.93756104,86.04315948,86.33229065,86.96827698,87.93242645,88.12043762,88.10574341,88.11443329,88.15738678,88.19497681,
Sao Tome and Principe,STP,"Literacy rate, adult male (% of males ages 15 and above)",SE.ADT.LITR.MA.ZS,,,,,,,,,,,,,,,,,,,,,,73.14115143,,,,,,,,,,85.24964142,,,,,,,,,,92.23467255,,,,,,,80.33023834,,,,94.95616913,,,,,,96.16268158,,,96.5
Suriname,SUR,"Literacy rate, adult male (% of males ages 15 and above)",SE.ADT.LITR.MA.ZS,,,,,,,,,,,,,,,,,,,,,,,,,,,,,,,,,,,,,,,,,,,,,92.0163269,,,,95.49294281,,95.36479187,,94.86987305,,,,,,96.07404327,,,96.5
Slovak Republic,SVK,"Literacy rate, adult male (% of males ages 15 and above)",SE.ADT.LITR.MA.ZS,,,,,,,,,,,,,,,,,,,,,,,,,,,,,,,,,,,,,,,,,,,,,,,,,,,,,,,,,,,,,,
Slovenia,SVN,"Literacy rate, adult male (% of males ages 15 and above)",SE.ADT.LITR.MA.ZS,,,,,,,,,,,,,,,,,,,,,,,,,,,,,,,,99.60208893,,,,,,,,,,99.69999695,,,99.69000244,,,,,,,,,,99.69000244,,,,,,,
Sweden,SWE,"Literacy rate, adult male (% of males ages 15 and above)",SE.ADT.LITR.MA.ZS,,,,,,,,,,,,,,,,,,,,,,,,,,,,,,,,,,,,,,,,,,,,,,,,,,,,,,,,,,,,,,
Eswatini,SWZ,"Literacy rate, adult male (% of males ages 15 and above)",SE.ADT.LITR.MA.ZS,,,,,,,,,,,,,,,,,57.38439178,,,,,,,,,,69.68347168,,,,,,,,,,,,,,83.15461731,,,,,,,,,,83.90014648,,,,,,,,88.2875824,,89.06999969,
Sint Maarten (Dutch part),SXM,"Literacy rate, adult male (% of males ages 15 and above)",SE.ADT.LITR.MA.ZS,,,,,,,,,,,,,,,,,,,,,,,,,,,,,,,,,,,,,,,,,,,,,,,,,,,,,,,,,,,,,,
Seychelles,SYC,"Literacy rate, adult male (% of males ages 15 and above)",SE.ADT.LITR.MA.ZS,,,,,,,,,,,,,,,,,,,,,,,,,,,,82.93166351,,,,,,,87.01515961,,,,,,,,91.40731812,,,,,,,,93.46392059,,,,,,,,95.41175842,,95.80000305,
Syrian Arab Republic,SYR,"Literacy rate, adult male (% of males ages 15 and above)",SE.ADT.LITR.MA.ZS,,,,,,,,,,,,,,,,,,,,,,73.58422089,,,,,,,,,,,,,,,,,,,,,91.02857208,,87.75814056,,,,,,,,,,91.59999847,,,,,,,
Turks and Caicos Islands,TCA,"Literacy rate, adult male (% of males ages 15 and above)",SE.ADT.LITR.MA.ZS,,,,,,,,,,,,,,,,,,,,,,,,,,,,,,,,,,,,,,,,,,,,,,,,,,,,,,,,,,,,,,
Chad,TCD,"Literacy rate, adult male (% of males ages 15 and above)",SE.ADT.LITR.MA.ZS,,,,,,,,,,,,,,,,,,,,,,,,,,,,,,,,,,18.26059914,,,,,,,40.8270607,,,,39.3682518,,,,,,,,,,,38.91820145,31.32879066,,,,,35.41999817
East Asia & Pacific (IDA & IBRD countries),TEA,"Literacy rate, adult male (% of males ages 15 and above)",SE.ADT.LITR.MA.ZS,,,,,,,,,,,,,,,,,76.80007935,76.91504669,77.73886871,78.54181671,78.89630127,80.13095856,80.74967194,81.63552094,82.36344147,83.05213928,83.71019745,84.70768738,87.63748932,88.06558228,87.7081604,88.84654999,89.21227264,89.51407623,89.88559723,90.25016022,90.58805847,93.86488342,94.08023071,94.26966858,94.49304962,94.73822021,94.95393372,95.13762665,95.30847168,95.54193878,95.73693848,96.455513,96.58563995,96.7365799,96.75161743,96.55069733,96.68910217,96.75347137,96.98782349,97.17449951,97.25952148,97.36685181,97.32501221,97.65554047,97.72213745,
Europe & Central Asia (IDA & IBRD countries),TEC,"Literacy rate, adult male (% of males ages 15 and above)",SE.ADT.LITR.MA.ZS,,,,,,,,,,,,,,,,,,,,,,,,97.46048737,97.82774353,97.91387939,97.92823029,97.97982788,98.02690887,98.07427979,98.16851044,98.17308807,98.22302246,98.26959229,98.31485748,98.36086273,98.4228363,98.45860291,98.54364777,98.56095123,98.76837158,98.80870819,98.84356689,98.86804199,98.91979218,99.04827881,99.03111267,99.06183624,99.06915283,99.17945862,99.31987,99.4200592,99.46694946,99.48362732,99.49822998,99.51093292,99.55394745,99.56575012,99.5848465,99.61222076,99.62406921,
Togo,TGO,"Literacy rate, adult male (% of males ages 15 and above)",SE.ADT.LITR.MA.ZS,,,,,,,,,,,,,,,,,,,,,,,,,,,,,,,,,,,,,,,,,68.72573853,,,,,,70.2702713,,,71.16635132,,74.05682373,,,,77.25942993,,,,79.99169159,,
Thailand,THA,"Literacy rate, adult male (% of males ages 15 and above)",SE.ADT.LITR.MA.ZS,,,,,,,,,,,,,,,,,,,,,92.21295929,,,,,,,,,,,,,,,,,,,,94.90157318,,,,,95.60024261,,,,,96.43502045,,,95.25125885,,94.65911865,,,95.20239258,,,95.5
Tajikistan,TJK,"Literacy rate, adult male (% of males ages 15 and above)",SE.ADT.LITR.MA.ZS,,,,,,,,,,,,,,,,,,,,,,,,,,,,,,98.79109192,,,,,,,,,,,99.68399048,,,,,,,,,,99.80000305,,,,99.81999969,,,,,,,
Turkmenistan,TKM,"Literacy rate, adult male (% of males ages 15 and above)",SE.ADT.LITR.MA.ZS,,,,,,,,,,,,,,,,,,,,,,,,,,,,,,,,,,,,99.32498169,,,,,,,,,,99.59999847,,,,,,,,,99.75,,,,,,,
Latin America & the Caribbean (IDA & IBRD countries),TLA,"Literacy rate, adult male (% of males ages 15 and above)",SE.ADT.LITR.MA.ZS,,,,,,,,,,,,,,,81.09474182,81.09300232,81.34693909,81.63686371,81.94815826,82.2191391,82.37480927,82.71350098,82.96498108,83.25251007,83.50617218,83.74961853,83.98802948,84.28948975,84.66853333,85.0005188,85.19745636,85.78189087,86.38762665,87.00579071,87.60301971,88.21656036,88.50070953,88.79116821,89.2162323,89.4682312,89.64755249,89.82762146,89.87756348,90.62113953,90.58123779,91.03385162,91.11978149,91.64510345,91.88617706,92.17504883,91.98397064,92.60080719,92.73329163,92.7538681,93.1728363,93.39131927,93.8757782,93.896698,94.00776672,94.4212265,94.4440918,
Timor-Leste,TLS,"Literacy rate, adult male (% of males ages 15 and above)",SE.ADT.LITR.MA.ZS,,,,,,,,,,,,,,,,,,,,,,,,,,,,,,,,,,,,,,,,,,45.29999924,,,,,,58.5,,,63.59178925,,,,,,,,71.86872101,,73.30000305,
Middle East & North Africa (IDA & IBRD countries),TMN,"Literacy rate, adult male (% of males ages 15 and above)",SE.ADT.LITR.MA.ZS,,,,,,,,,,,,53.43566895,53.91149902,54.38518143,54.85567093,55.3595314,55.56192017,56.38888931,57.0230484,57.66381836,58.39533997,59.05966949,59.67359924,60.0836792,60.95861053,61.93994141,62.74568176,63.57503128,64.55789185,65.41536713,67.70819092,68.72234344,69.70397186,70.93953705,71.59474182,72.81939697,73.66377258,74.61486053,75.54341125,76.35014343,77.10175323,78.04601288,78.21885681,82.26580811,82.78793335,81.70626068,80.82752991,81.38770294,81.76506042,81.16776276,81.64615631,81.80699921,85.01452637,84.89253235,85.47164917,83.42919159,84.51963806,85.10655212,82.19818878,82.48616791,82.7793808,
Tonga,TON,"Literacy rate, adult male (% of males ages 15 and above)",SE.ADT.LITR.MA.ZS,,,,,,,,,,,,,,,,,99.65866089,,,,,,,,,,,,,,,,,,,,98.83406067,,,,,,,,,,98.95388031,,,,,99.33509827,,,,,,,99.35098267,,,99.40000153
South Asia (IDA & IBRD),TSA,"Literacy rate, adult male (% of males ages 15 and above)",SE.ADT.LITR.MA.ZS,,,,,,,,,,,,,,,,49.94168854,49.95933151,50.54817963,51.10839081,51.61830902,52.13589096,51.9708786,53.12791061,53.64797974,54.15793991,54.66075134,55.1471405,55.62915039,57.08452988,57.69548035,58.27148819,58.33132935,59.85208893,60.8866806,61.51345825,62.16115189,62.8070488,63.44416046,68.60549927,69.13889313,69.68038177,69.85626984,70.73000336,71.64340973,72.17703247,72.5451889,72.57694244,72.8911972,74.7771225,75.29618835,75.71589661,75.84040833,76.53977203,77.05271149,77.50517273,78.26880646,79.38095856,79.8610611,80.02455902,80.45510864,80.89277649,
Sub-Saharan Africa (IDA & IBRD countries),TSS,"Literacy rate, adult male (% of males ages 15 and above)",SE.ADT.LITR.MA.ZS,,,,,,,,,,,,,,,,,,,,,,,,,,60.20246124,60.48945999,61.07498169,61.45135117,62.01699829,62.54198837,62.61444855,63.27342987,63.76327896,64.37954712,64.44017792,64.90976715,65.51883698,66.14901733,66.82131958,65.73238373,66.49372864,67.52456665,67.6040802,69.46057892,68.16693878,68.26551819,66.43720245,66.26522064,67.13845062,67.52557373,68.72306824,69.75228119,70.41803741,70.91555786,71.24398804,71.66490936,71.8028717,72.99343872,73.8033905,73.84293365,
Trinidad and Tobago,TTO,"Literacy rate, adult male (% of males ages 15 and above)",SE.ADT.LITR.MA.ZS,,,,,,,,,,,,,,,,,,,,,96.52153015,,,,,,,,,,98.00980377,,,,,,,,,,98.75,,,,,,,,,,99.13999939,,,,,,,,,,,
Tunisia,TUN,"Literacy rate, adult male (% of males ages 15 and above)",SE.ADT.LITR.MA.ZS,,,,,,,,,,,,,,,,,,,,,,,,,60.40723038,,,,,,,,,,,,,,,,,,,,83.38509369,,,86.05368042,86.37580872,,87.37573242,87.76075745,88.47577667,,86.06011963,,,,,,,89.09999847
Turkiye,TUR,"Literacy rate, adult male (% of males ages 15 and above)",SE.ADT.LITR.MA.ZS,,,,,,,,,,,,,,,,77.50393677,,,,,81.44944,,,,,87.61972046,,,,,89.84703064,,,,,,,,,,,,,,95.27349091,96.00061798,95.99562073,96.20185852,,96.37770844,97.29981232,97.93498993,98.26290131,98.40136719,98.49678802,98.57562256,98.77583313,98.81996155,,99.07530975,,
Tuvalu,TUV,"Literacy rate, adult male (% of males ages 15 and above)",SE.ADT.LITR.MA.ZS,,,,,,,,,,,,,,,,,,,,,,,,,,,,,,,,,,,,,,,,,,,,,,,,,,,,,,,,,,,,,,
Tanzania,TZA,"Literacy rate, adult male (% of males ages 15 and above)",SE.ADT.LITR.MA.ZS,,,,,,,,,,,,,,,,,,,,,,,,,,,,,71.3657074,,,,,,,,,,,,,,77.50640106,,,,,,,,75.46779633,,83.37769318,,,83.20484924,,,,,,85.5
Uganda,UGA,"Literacy rate, adult male (% of males ages 15 and above)",SE.ADT.LITR.MA.ZS,,,,,,,,,,,,,,,,,,,,,,,,,,,,,,,,68.1980896,,,,,,,,,,,78.30402374,,,,81.38858795,,,,82.63139343,,79.12303925,,,,,,82.65601349,,,84
Ukraine,UKR,"Literacy rate, adult male (% of males ages 15 and above)",SE.ADT.LITR.MA.ZS,,,,,,,,,,,,,,,,,,,,,,,,,,,,,,,,,,,,,,,,,,99.74343109,,,,,,,,,,,99.99394226,,,,,,,,,100
Upper middle income,UMC,"Literacy rate, adult male (% of males ages 15 and above)",SE.ADT.LITR.MA.ZS,,,,,,,,,,,,,,,,,80.08577728,80.14620209,80.77651215,81.39595032,81.99333954,82.57370758,83.03330994,83.71405792,84.34024048,84.87976837,85.38638306,85.89543915,88.30635071,88.65795898,88.39427185,89.32209778,89.69480133,90.05413055,90.37548065,90.69528198,90.98690033,93.72911835,93.93837738,94.13285828,94.3189621,94.54421234,94.68855286,94.99064636,95.15670013,95.40016937,95.53199768,96.08315277,96.23323059,96.1343689,96.11791992,96.41854095,96.83368683,96.81864166,97.03565216,96.73396301,97.27117157,97.18118286,96.8479538,97.13411713,97.17620087,
Uruguay,URY,"Literacy rate, adult male (% of males ages 15 and above)",SE.ADT.LITR.MA.ZS,,,,,,,,,,,,,,,,93.38825989,,,,,,,,,,94.83361053,,,,,,,,,,,96.24452972,,,,,,,,,,97.44477844,97.42169189,97.83128357,97.97241974,97.61016846,98.02310944,98.10397339,98.06342316,98.02507019,98.1459198,98.24452972,98.23419189,98.37136078,98.4809494,,
United States,USA,"Literacy rate, adult male (% of males ages 15 and above)",SE.ADT.LITR.MA.ZS,,,,,,,,,,,,,,,,,,,,,,,,,,,,,,,,,,,,,,,,,,,,,,,,,,,,,,,,,,,,,,
Uzbekistan,UZB,"Literacy rate, adult male (% of males ages 15 and above)",SE.ADT.LITR.MA.ZS,,,,,,,,,,,,,,,,,,,,,,,,,,,,,,,,,,,,,,,,,99.16443634,,,,,,,,,,,,,99.99382782,99.98519135,99.99204254,99.99487305,,99.99997711,99.99994659,,
St. Vincent and the Grenadines,VCT,"Literacy rate, adult male (% of males ages 15 and above)",SE.ADT.LITR.MA.ZS,,,,,,,,,,,95.80000305,,,,,,,,,,96.90000153,,,,,,,,,,,,,,,,,,,,,,,,,,,,,,,,,,,,,,,,,
"Venezuela, RB",VEN,"Literacy rate, adult male (% of males ages 15 and above)",SE.ADT.LITR.MA.ZS,,,,,,,,,,,,,,,,,,,,,,86.48932648,,,,,,,,,90.6725235,,,,,,,,,,,93.25744629,,,,,,95.38172913,,95.67536926,,94.50231934,,,,96.65107727,97.03910828,,,,,97.40000153
British Virgin Islands,VGB,"Literacy rate, adult male (% of males ages 15 and above)",SE.ADT.LITR.MA.ZS,,,,,,,,,,,,,,,,,,,,,,,,,,,,,,,,,,,,,,,,,,,,,,,,,,,,,,,,,,,,,,
Virgin Islands (U.S.),VIR,"Literacy rate, adult male (% of males ages 15 and above)",SE.ADT.LITR.MA.ZS,,,,,,,,,,,,,,,,,,,,,,,,,,,,,,,,,,,,,,,,,,,,,,,,,,,,,,,,,,,,,,
Vietnam,VNM,"Literacy rate, adult male (% of males ages 15 and above)",SE.ADT.LITR.MA.ZS,,,,,,,,,,,,,,,,,,,,90.38147736,,,,,,,,,,93.00299072,,,,,,,,,,93.91825867,93.93267822,,,,,,,,,95.78533173,,,,,,,,,,96.99069977,,
Vanuatu,VUT,"Literacy rate, adult male (% of males ages 15 and above)",SE.ADT.LITR.MA.ZS,,,,,,,,,,,,,,,,,,,,57.33509827,,,,,62.31000137,,,,,,,,,,71.76999664,,,,,,,,,,80.48000336,,,,,,,,,,86.18000031,,,,88.30635071,,,89.80000305
World,WLD,"Literacy rate, adult male (% of males ages 15 and above)",SE.ADT.LITR.MA.ZS,,,,,,,,,,,,,,,,,75.83515167,76.00411987,76.37095642,76.71820068,76.91825867,77.29789734,77.73058319,78.11427307,78.49594116,78.84192657,79.16616821,79.64668274,80.9699707,81.27734375,81.3584137,81.75154114,82.20937347,82.58036804,82.87976074,83.15603638,83.43930054,84.66641235,85.87702179,86.10652161,86.19094849,86.36696625,86.70838165,87.16332245,87.4899826,87.48970032,87.48419189,87.6257782,88.05673981,88.24253845,88.30284882,88.38831329,88.79376984,88.93566132,89.19217682,89.34050751,89.69792938,89.82659912,89.79020691,90.07791138,90.16340637,
Samoa,WSM,"Literacy rate, adult male (% of males ages 15 and above)",SE.ADT.LITR.MA.ZS,,,,,,,,,,,,,,,,,,,,,,,,,,,,,,,,98.41568756,,,,,,,,,,,,,,,,,,,,98.88191986,,,,,,,98.95609283,,,99
Kosovo,XKX,"Literacy rate, adult male (% of males ages 15 and above)",SE.ADT.LITR.MA.ZS,,,,,,,,,,,,,,,,,,,,,,,,,,,,,,,,,,,,,,,,,,,,,,,,,,,,,,,,,,,,,,
"Yemen, Rep.",YEM,"Literacy rate, adult male (% of males ages 15 and above)",SE.ADT.LITR.MA.ZS,,,,,,,,,,,,,,,,,,,,,,,,,,,,,,,,,,,56.72475052,,,,,,,,,,73.16000366,,,,,,,,,,,,,,,,,
South Africa,ZAF,"Literacy rate, adult male (% of males ages 15 and above)",SE.ADT.LITR.MA.ZS,,,,,,,,,,,,,,,,,,,,,77.52559662,,,,,,,,,,,,,,,,84.07138062,,,,,,,,,,,90.71759033,,94.12145996,94.14385223,94.24508667,94.96372223,,95.28684998,95.39653015,,87.67774963,,95.54537201,,
Zambia,ZMB,"Literacy rate, adult male (% of males ages 15 and above)",SE.ADT.LITR.MA.ZS,,,,,,,,,,,,,,,,,,,,,,,,,,,,,,,73.037323,,,,,,,,,76.25402069,,,80.91285706,,,,,71.31761932,,,88.68402863,,,,,,,,90.60118103,,91,
Zimbabwe,ZWE,"Literacy rate, adult male (% of males ages 15 and above)",SE.ADT.LITR.MA.ZS,,,,,,,,,,,,,,,,,,,,,,,84.17462921,,,,,,,,,,88.89337921,,,,,,,,,,,,,,,,,,,87.76480865,,,89.1853714,,,,,,,88.30000305